:020000040800F2
:10000000C8120020F9010008CD4600087D42000812
:10001000C9460008E1100008814C000800000000FB
:10002000000000000000000000000000C54A0008B9
:10003000D911000800000000DD490008C94A000885
:10004000130200081302000813020008130200083C
:10005000130200081302000813020008130200082C
:10006000130200081302000813020008CD11000853
:10007000130200081302000813020008130200080C
:1000800013020008130200081302000813020008FC
:1000900013020008130200081302000813020008EC
:1000A00013020008130200081302000813020008DC
:1000B00013020008130200081302000813020008CC
:1000C00013020008130200081302000813020008BC
:1000D00013020008694C0008754C00081302000860
:1000E000DD110008130200081302000800F002F8F6
:1000F00000F073F80AA090E8000C82448344AAF14F
:100100000107DA4501D100F068F8AFF2090EBAE84C
:100110000F0013F0010F18BFFB1A43F0010318473B
:1001200080A30000A0A300000A444FF0000C10F8C8
:10013000013B13F0070408BF10F8014B1D1108BF65
:1001400010F8015B641E05D010F8016B641E01F805
:10015000016BF9D113F0080F1EBF10F8014BAD1C55
:100160000C1B09D16D1E58BF01F801CBFAD505E073
:1001700014F8016B01F8016B6D1EF9D59142D6D3CD
:10018000704700000023002400250026103A28BFF5
:1001900078C1FBD8520728BF30C148BF0B607047F9
:1001A000662908F03283642900F0B680752900F0D2
:1001B000B380782900F0EC80732900F0CE85002010
:1001C00070471FB500F012FE04000020002108F067
:1001D000AFF9E0601FBD10B510BD00F00BFF114678
:1001E000FFF7EFFF07F086F900F029FF03B4FFF7F0
:1001F000F2FF03BC00F06CFF094880470948004744
:10020000FEE7FEE7FEE7FEE7FEE7FEE7FEE7FEE7C6
:10021000FEE7FEE704480549054A064B7047000023
:100220005D4B0008ED000008C80C0020C81200203B
:10023000C80E0020C80E00200FB4044910B503AA50
:10024000029800F08FFD10BC5DF814FBF80200204E
:100250000FB41CB5074B06AA7B446946009005986D
:1002600000F051FD0020694600F060FD1CBC5DF807
:1002700014FB0000D10A000070B5044685690068CF
:10028000C10601D5302600E02026C00707D070BD8A
:10029000D4E9012130469047206A401C20626D1E3F
:1002A000F6D570BD70B5044685690078C00707D1E2
:1002B00070BDD4E9012120209047206A401C2062B3
:1002C0006D1EF6D570BD70B50C460546012A05D0E9
:1002D0002878800600D5EA69002302E0012305E0C2
:1002E0005B1C934202D2E05C0028F9D1A869E618B1
:1002F000C01AA861286A184428622846FFF7BCFF84
:1003000004E0D5E9012114F8010B9047B442F8D379
:100310002846FFF7C7FF70BD2DE9F04106460024CF
:1003200010687529314616A510D0AFF3008000285B
:1003300002DA404213A507E031688A0701D512A509
:1003400002E0490704D511A5012401E0AFF30080C4
:1003500000210A2206F1240709E0B0FBF2FCB0FB01
:10036000F2F302FB1C00303078541846491C002878
:10037000F3D123462A463046BDE8F04100F057BA93
:10038000000000002D0000002B00000020000000F5
:1003900070B504460D4621461068AFF300802188F1
:1003A000090502D50F4A7A4402E00E4A7A440E3219
:1003B000002104F1240305E000F00F060009965D1A
:1003C0005E54491C0028F7D120780023000704D58B
:1003D000702D02D009B1022311322046BDE87040D1
:1003E00000F025BA648400002DE9F05F89460446D8
:1003F0004FF0000ADFF874B1FB44C0F820A020469B
:10040000E1688847002874D0252806D0D4E9012166
:100410009047206A401C2062F1E700265F46204694
:10042000E16888472028054607DB312D05D2781979
:1004300010F8200C08B10643F1E7B00701D526F00B
:100440000406C4F81CA00027C4F818A02A2D09D05F
:10045000284608F066F838B304EB8708303DC8F842
:10046000185019E059F8041B204604EB87029161EB
:10047000E1688847012F054618D1E069002820DA95
:1004800026F020061DE0D8F8180000EB800005EBF0
:1004900040003038C8F818002046E1688847054613
:1004A00008F03FF80028EED1012F0AD02E2D08D1F8
:1004B0002046E16888477F1C0546022F46F020064B
:1004C000C4DBA069002803DA404246F00106A061BF
:1004D000F00701D026F010066C2D0BD0682D09D046
:1004E0004C2D39D06A2D35D0742D35D07A2D33D09E
:1004F00016E038E0E1682F4620468847B8420546B6
:1005000009D16C2F26D04FF48060E1680643204665
:100510008847054604E06C2F1AD04FF480700643DC
:100520000DB3A5F14100192802D8203546F4006624
:100530004A462946204626604E46FFF731FE80B1E6
:1005400001280BD0F61D26F0070000F1080956E738
:100550004020E4E78020D8E70020D6E706F1040930
:100560004DE7284652E7206ABDE8F09F3A84000034
:10057000014906F0EDB80000F802002010B504466D
:1005800003E006F0E5F8401C09D014F8010B05491A
:100590000028F6D1BDE810400A2006F0D9B84FF087
:1005A000FF3010BDF8020020401ECAB210F8011F33
:1005B0008A4202D00029F9D10020704730B50546A3
:1005C0000B462A4613F8014B12F8010B08B1A04262
:1005D000F8D01CB1002802D06D1CF1E7284630BDD0
:1005E00040EA010310B59B070FD1042A0DD310C8B0
:1005F00008C9121F9C42F8D020BA19BA884201D902
:10060000012010BD4FF0FF3010BD1AB1D30703D049
:10061000521C07E0002010BD10F8013B11F8014BFF
:100620001B1B07D110F8013B11F8014B1B1B01D11B
:10063000921EF1D1184610BD10B5431C02E010F80F
:10064000011B71B18107FAD14FF0013202C88C1A37
:100650008C4314EAC211F9D0C01A0A0603D0C01E96
:1006600010BDC01A10BD0A0401D0801E10BD0902C1
:10067000FCD0401E10BD40EA010370B59B072ED18F
:100680004FF00136042A2AD308C810C99D1B9D4388
:10069000121F15EAC61517D0D8B2E1B2401A50EAB7
:1006A000056110D198B2A1B2401A50EA05410AD1B1
:1006B00023F07F4024F07F41401A50EA052102D107
:1006C000180EA0EB146070BDA342DBD018BA21BA9B
:1006D000884201D9012070BD4FF0FF3070BD0AB9CA
:1006E000002070BD10F8013B11F8014B63B1A3422B
:1006F0000AD1521E08D010F8013B11F8014B1BB172
:10070000A34201D1521EEDD1181B70BD032A40F245
:10071000308010F0030C00F0158011F8013BBCF1A3
:10072000020F624498BF11F801CB00F8013B38BFBB
:1007300011F8013BA2F1040298BF00F801CB38BFC9
:1007400000F8013B11F0030300F01E83083AC0F0EB
:10075000088051F8043B083A51F804CBA0E808108F
:10076000F5E7121D5CBF51F8043B40F8043BAFF3C2
:100770000080D20724BF11F8013B11F801CB48BF1C
:1007800011F8012B24BF00F8013B00F801CB48BF52
:1007900000F8012B70474FF000020429C0F01280CE
:1007A00010F0030C00F01B80CCF1040CBCF1020F24
:1007B00018BF00F8012BA8BF20F8022BA1EB0C01F9
:1007C00000F00DB85FEAC17C24BF00F8012B00F8EF
:1007D000012B48BF00F8012B70474FF0000200B515
:1007E000134694469646203922BFA0E80C50A0E854
:1007F0000C50B1F12001BFF4F7AF090728BFA0E802
:100800000C5048BF0CC05DF804EB890028BF40F8CD
:10081000042B08BF704748BF20F8022B11F0804F0F
:1008200018BF00F8012B70477047704770472DE9DB
:10083000F0470D4699469246044600F124080168A7
:10084000880604D5E06921F01001216000E0012054
:10085000A84201DD471B00E00027A1697A1902EBDD
:100860000900081AA0612078C00602D42046FFF7CC
:1008700003FD002608E0D4E901211AF8060090479C
:10088000206A401C761C20624E45F4DB2078C006AE
:100890000AD52046FFF7F0FC06E0D4E9012130201C
:1008A0009047206A401C2062381EA7F10107F4DC43
:1008B00007E0D4E9012118F805009047206A401CA0
:1008C0002062281EA5F10105F3DC2046FFF7EAFCB3
:1008D0002078000602D50220BDE8F0870120FBE762
:1008E0002DE9FF4F0C461E464FF0FF378BB0D2E983
:1008F0000001DDF860800A908A46C1F30A5505B907
:100900003D46002108464FF00000BAF1000F00F408
:10091000400005DA00EB80004FF4400101EA50008E
:100920004FEA9059B9F1010F00DDB9460A9850EA33
:100930004A000ED044F61050A5F2FF3545432F145F
:10094000B8F1000F1ED07542291E1EDDC9F100024C
:100950001CE0B8F1010F4FF0000001D0302103E09E
:10096000F24305E02154401CB042FBDB304600223C
:10097000002121540B99C1F80880C1E900200FB073
:10098000BDE8F08FBD1B6D1CDEE74A4600DA694208
:1009900006A800F0B5FA06AB93E8070003AB83E8BE
:1009A000070050460A9907F0E0F98DE80700A0F526
:1009B00000501F3800900398002D0ADD42F21F01FD
:1009C0004A460844002303A90390684607F049FCFF
:1009D00009E0A0F500504A461F38002303A9039000
:1009E000684607F053FC8DE807000004000C03D0B4
:1009F0004FF0FF30410800E01046B8F1000F03D07F
:100A00000022009215461EE0751E05D400F0F2F992
:100A1000303262556D1EF9D5B3460122084302D02B
:100A200000227F1C04E02078302801D100227F1EA4
:100A3000002A099784D01DE0112D07DA00F0DAF9B9
:100A4000303262556D1C50EA0102F5D1084302D0E4
:100A50000098C8B10EE00021681E05E0235C625CCE
:100A600063542254401E491C8142F7DBAB46A81B4D
:100A7000401E0990002004F80B000B98099AC0F85A
:100A80000880C0E9002B7AE711264FF0000857E7ED
:100A90002DE9F04F88460446D21D22F0070191B09F
:100AA000D1E90001CDE90A0107F027FD02460B98C4
:100AB000C00F01D02D2007E02068810701D52B2031
:100AC00002E0202101EAC000032A099001D0072A90
:100AD00005DB03464146204600F0D2F90BE12078C1
:100AE000800601D5E06900E00620B8F1650F814677
:100AF00006D0B8F1660F18D0B8F1670F70D131E0A9
:100B00000020B9F1110F009001DB112301E009F180
:100B100001030AAA01A90CA8FFF7E2FEDDE90C70A7
:100B2000002609F10105834647E001204B4600906D
:100B30004FF000470AAA01A90CA8FFF7D1FEDDE992
:100B40000DB00C995D46002610B909F101000D1891
:100B5000B9EB050003D4C0F1FF3609F10105A5EB9F
:100B600009002BE0B9F1010F01DA4FF00109002073
:100B7000B9F1110F0090484601DD112300E0034652
:100B80000AAA01A90CA8FFF7ABFEDDE90C704D46DF
:100B900000268346207800070AD4AB4500DA5D467C
:100BA00001A8012D04DD411911F8011C302907D0DD
:100BB0004F4502DA17F1040F04DA012082460FE0F4
:100BC0006D1EEEE7002F02DCED1B3E4403E0781CB7
:100BD000A84200DD7D1CB81B00F1010A4FF0004760
:100BE0002078000703D4AA4501DB4FF0FF3A00212B
:100BF000B7F1004F0DF143088DF8431024D00220C7
:100C00002B23002F01DA7F422D230A21021EA0F19F
:100C1000010000DC5FB197FBF1FC97FBF1F201FBF7
:100C20001C7C17460CF1300C08F801CDEEE7A8F15A
:100C3000010003702188090501D5452100E06521E7
:100C4000A0F1010800F8011C09980FA9A1EB080701
:100C5000FF1D00B10120411901EBEA70A169384480
:100C6000081A401EA0612078C00602D42046FFF773
:100C700003FB099828B1D4E901219047206A401C60
:100C800020622078C00622D52046FFF7F5FA1EE044
:100C9000002E04DBB34502DD01A8805D00E03020BA
:100CA000D4E901219047206A401C2062761CAAF1F9
:100CB00001005FEA000A0AD100F098F8C0680168F4
:100CC000405CD4E901219047206A401C2062281E24
:100CD000A5F10105DCDC07E0D4E9012118F8010BDE
:100CE0009047206A401C2062381EA7F10107F3DC00
:100CF0002046FFF7D7FA032011B041E601694A1CEC
:100D000002610878704700B58FB0CDE9013100214C
:100D1000059105497944CDE9031011466846FFF76E
:100D200063FB0FB000BD0000E5FFFFFF0A6802F89B
:100D3000010B0A60704710B5436913B1AFF300802F
:100D400001E0FFF7C0FA012010BD127800F1240184
:100D50000A7000224A700122EDE711684FF0FF325D
:100D6000E9E70000074B70B50D467B44FFF7CBFF6A
:100D70000446284600F036F910B14FF0FF3070BD40
:100D8000204670BDE359000010B5203AC0F00B803A
:100D9000B1E81850A0E81850B1E81850A0E8185071
:100DA000203ABFF4F5AF5FEA027C24BFB1E81850E7
:100DB000A0E8185044BF18C918C0BDE810405FEA49
:100DC000827C24BF51F8043B40F8043B08BF7047C5
:100DD000D20728BF31F8023B48BF11F8012B28BFCA
:100DE00020F8023B48BF00F8012B704700487047CD
:100DF000B802002030B5B0F10A0271F100034FEAE9
:100E0000900E4EEA817EB0EB0E0061EB91014FEA4D
:100E1000101E4EEA017E10EB0E0041EB11114FEA5D
:100E2000102E4EEA016E10EB0E0041EB11214FEA3D
:100E3000104E4EEA014E10EB0E0041EB11414018EE
:100E400041F100014FEAD00040EA41704FEAD10180
:100E50004FEA810444EA907410EB800544EB0104EE
:100E60006D1944EB0404521BA3414FF0000348BF2B
:100E70000A3200D530BD401C41F1000130BD0000F8
:100E80002DE9F0411F46044603260168072A01F4B4
:100E9000006004DB08B116A505E016A503E008B163
:100EA00015A500E015A521F010002060A069C01E66
:100EB000A0610FB1401EA0612046FFF7DDF94FB1E0
:100EC000D4E9012138469047206A401C2062C01CAA
:100ED000206206E0206AFAE7D4E9012115F8010B47
:100EE0009047761EF8D22046FFF7DCF9BDE8F08186
:100EF0004E414E006E616E00494E4600696E6600BE
:100F00002DE9F047814616468AB0354878440DC829
:100F10008DE80D0032487844801C03AC0DC884E88D
:100F20000D0041F69B300844372190FBF1F290FB15
:100F3000F1F5A5F1800501FB12041B3C02D56442CA
:100F4000012000E00020DFF898A080460027FA4446
:100F5000AAF1BE0A0EE0E0070AD03246684607EB67
:100F6000470101230AEB810107F090F98DE80700A2
:100F700064107F1C002CEED1194F7F44AE3F19E066
:100F8000E80715D007EB04100DF1180A90E80E00E1
:100F90008AE80E00C068F04201D1981908903246E4
:100FA000012306A903A807F071F903AB83E8070042
:100FB0006D10641C002DE3D14FF0010332466946E9
:100FC000B8F1000F03A802D007F04BF901E007F0D9
:100FD0005DF9C9E90001C9F808200AB0BDE8F08749
:100FE000B4790000007B00F0800070470048704733
:100FF000980200207546FFF7F9FFAE4605006946E6
:10100000534620F00700854618B020B5FFF702F9D7
:10101000BDE820404FF000064FF000074FF00008F9
:101020004FF0000BAC46ACE8C009ACE8C009ACE836
:10103000C009ACE8C00921F007018D46704710B522
:101040000446AFF300802046BDE81040FFF7CEB85D
:101050004FF0013C50F8042B51F8043B9A4221D147
:10106000A2EB0C03934313EACC1317D150F8042BD3
:1010700051F8043B9A4215D1A2EB0C03934313EAB7
:10108000CC130BD150F8042B51F8043B9A4209D1F0
:10109000A2EB0C03934313EACC13DBD04FF0000018
:1010A000704700BFD01A01BAB1FA81F101F01801FE
:1010B00022FA01F0CB40DBB2C0B2C01AC1F120016C
:1010C0002CFA01F3D11A914311EAC311E6D170470A
:1010D00001491820ABBEFEE7260002007047000061
:1010E000FEE7000080B582B00020ADF8060040F2B7
:1010F0006820C2F200000DF1060105F01DFCBDF8EC
:1011000006101DA0FFF798F8BDF80600C10707D12B
:10111000810712D481051DD4400628D402B080BDB9
:1011200040F6BC40C2F200000121017017A0FFF799
:1011300025FABDF806008107ECD540F6B630C2F2BC
:1011400000000121017015A0FFF718FABDF8060094
:101150008105E1D515A0FFF711FA40F6B730C2F2CC
:10116000000001210170BDF806004006D6D513A08D
:10117000FFF704FA02B080BD4952512074617475C2
:10118000733A202523780D0A0000000049525120AF
:10119000547820646F6E650D0000000049525120A4
:1011A000527820646F6E650D000000004952512096
:1011B00052782074696D656F75740D004952512025
:1011C000435243206572726F720D000040F6EC10BE
:1011D000C2F2000000F07EBA704700004FF4806059
:1011E00000F098BBEFF3108072B600BFFEE700007E
:1011F000F0B581B0044690F90000B0F1FF3F14DD76
:10120000012540F204070026C2F2000757F8260025
:1012100021462A46FFF72FFA20B10136992EF5D143
:101220004FF0FF36304601B0F0BD00F13E01C9B2CB
:101230001D2906D8607800F0C0008028E0D1022582
:10124000DFE720F00F0120310BD1607800F0C00003
:101250008028D5D1A07800F0C0008028D0D1032507
:10126000CFE720F007001030CAD1607800F0C0004E
:101270008028C5D1A07800F0C0008028C0D1E078D7
:1012800000F0C0008028BBD10425BAE7B0B581B01A
:101290000022009290F82420012A01D1022164E06A
:1012A0004B680122062B80F8242010D8D0F800C00B
:1012B00003EB830362465D1F1F2352F834EF03FAEA
:1012C00005F40B682EEA040E03FA05F419E0D0F8D1
:1012D00000C00C2B624606D852F830EF03EB8303B4
:1012E000A3F1230405E052F82CEF03EB8303A3F1F1
:1012F00041041F2303FA04F50B682EEA050E03FAD6
:1013000004F444EA0E05092B15601ED903EB4305CE
:10131000DCF80C201E3D07248968AC40A243A9409C
:10132000114323F00102102ACCF80C1019D142F21B
:101330000841C4F20101A1F10802944518D0816A64
:1013400041F02001816201210CE0DCF8102003EB68
:101350004303072589689D40AA4399401143CCF86F
:1013600010100021002280F82420084601B0B0BDF2
:101370000A681202F5D40A68102B42F400020A60CF
:10138000EFD140F20001C2F2000109684DF683621C
:10139000C4F21B32A1FB0212910C01EB8101490046
:1013A000009100990029DCD0009901390091009941
:1013B0000029D6D000990139009100990029D0D098
:1013C00000990139009100990029CAD0009901398A
:1013D0000091009900294FF00001E5D1C2E700001B
:1013E000002804BF0120704770B50646044656F831
:1013F000280F30B90020E06284F82400204600F075
:101400009DF821688868C00709D0886820F001002D
:10141000886000F09FFB21688A68D20726D1326875
:101420003068D2063AD441F2021290430230A062F0
:10143000E069D4E9013240EA030C531EB3FA83F3A6
:101440005D091346B2F5807F18BF2B02207D257BF6
:1014500001284CEA450031D12DB3A56A45F020059D
:10146000A562E56A45F00105E56227E0054602E070
:101470008868C007D3D000F06DFB401B21680328AB
:10148000F6D38868C007F3D0A06A40F01000A062CD
:10149000E06A40F00100E062A06AA06A40F010013A
:1014A0000120316070BDD4F818C04EF20005CFF6AF
:1014B000FF7505EB4C352B4343F400634D68B2F5E3
:1014C000807F25F4694543EA05034B608B684FF242
:1014D000FD75CFF6E17503EA050343EA00038B606F
:1014E00001D0012A06D122690023CFF6F07303EB65
:1014F000025200E00022CB6A23F470031A43CA624E
:10150000896840F6FE62CFF61F721140814207D112
:101510000020E062A16A012262F30101316070BD26
:10152000A06A40F0100020F00200A06254F82C0FD6
:1015300040F0010101202646316070BD70B586B0D3
:101540000026044640F600000596CDE90366C4F285
:101550000100216800F5E0529142029601D006B0E8
:1015600070BD41F21801C4F202010A6842F400722F
:101570000A600A6802F400720192019A0A6842F055
:1015800004020A60096801F0040101910199032134
:10159000CDE9021102A900F0C9F940F6EC150820C6
:1015A000C2F20005C4F2020080214FF48072C5E946
:1015B000000605F110004FF480634FF0200CC5E9E0
:1015C000026180E80C102846EE6100F045F9002821
:1015D00018BFFFF707FE25626C6206B070BD000001
:1015E000014690F82100022813D10868D1E90FC301
:1015F000026822F00E020260026822F0010202601C
:10160000012000FA03F2CCF8042081F82100002028
:1016100002E0042088630120002281F82020704726
:1016200080B590F82110022923D10268116821F0B9
:101630000E0111602F211368C4F202018A4240F2A8
:101640000401C4F2020123F00103136016DD30230C
:10165000C4F202039A421DD04423C4F202039A4208
:101660001BD05823C4F202039A421BD14FF480339B
:1016700020E0042181630121084680BD0823C4F2D3
:1016800002039A420CD01C23C4F202039A4209D1ED
:1016900010230FE04FF480730CE04FF4805309E007
:1016A000012307E001F1680C4FF08073624508BF29
:1016B0004FF480130B60012180F82110426B002150
:1016C00080F820100AB190470021084680BD000034
:1016D000806B704710B50168D0E90FCEDCF80020B0
:1016E0000B685C0726D5042404FA0EF4144021D0BC
:1016F0000A68920603D40A6822F004020A602F22C4
:10170000C4F20202914240F20402C4F202025ADD23
:101710003023C4F2020399426DD04423C4F2020381
:1017200099426BD05823C4F2020399426BD14FF413
:10173000802370E09C0729D5022404FA0EF414409B
:1017400024D00A68920606D40A6822F00A020A60C7
:10175000012280F821202F22C4F20202914240F29D
:101760000402C4F202023ADD3023C4F202039942B9
:1017700057D04423C4F20203994255D05823C4F2EF
:101780000203994255D14FF400335AE01B0761D54B
:10179000082303FA0EF31A4008BF10BD0A6822F0AE
:1017A0000E020A60012101FA0EF2CCF804208163D6
:1017B00080F82110016B0022002980F8202049D0F8
:1017C000BDE8104008470823C4F20203994218D02C
:1017D0001C23C4F20203994215D140231BE00823C5
:1017E000C4F20203994222D01C23C4F2020399429C
:1017F0001FD1202325E04FF480630CE04FF4804399
:1018000009E0042307E002F168044FF08063A1427D
:1018100008BF4FF480031360C16AD9B1BDE810401E
:1018200008474FF400730CE04FF4005309E0022323
:1018300007E002F168044FF00073A14208BF4FF4C3
:1018400000131360816A002280F8202011B1BDE8E6
:101850001040084710BD0000014600284FF001006D
:1018600008BF70472DE9F043D1F800C04FF6F87378
:10187000CBF6FD734CF6CD426344CCF6CC42A3FBD1
:1018800002236FF0030707EA9303002701F10C0915
:10189000C4F20207D1E9012E99E87002D1F81C8048
:1018A000C1E90F73022381F82130DCF8003043F6E0
:1018B000F077BB431A4342EA0E0222432A433243E3
:1018C00042EA090242EA0802CCF8002000228A63B8
:1018D00081F8210081F820200020BDE8F043704706
:1018E000B0B5044600F036F9054640F28C20C2F24D
:1018F00000000078611C18BF044400BF00F02AF902
:10190000401BA042FAD3B0BDB0F5806F08BFFFF70F
:10191000E9BB704740F21441C4F201010A68024277
:1019200014BF08607047FFF7EFBF00002DE9F04FCC
:1019300082B00E68002E00F0FD8040F20C4C41F2A7
:1019400000424FF6FF7BC4F2010CC4F201020423F3
:1019500000240127C1F2100B4FF0000A4FF00009DC
:101960004FF00F0E904208BF032300933EE0012387
:10197000BB402B4342F82B30D1F804B040F2004773
:10198000C4F201075FEACB22BA6854BF22EA080218
:1019900042EA0802BA60DCF800205FEA8B2354BFF9
:1019A00022EA080242EA0802CCF800207A685FEADC
:1019B0008B3354BF22EA080242EA08027A605FEAE7
:1019C000CB333A684FF6FF7B54BF22EA080242EA63
:1019D00008023A600127C1F2100B0E680AF1010AF1
:1019E00036FA0AF204F1040400F0A48007FA0AF8B7
:1019F00016EA080FF1D04A685A4511DC122A51D86C
:101A0000DFE802F0340A42465050505050505050D7
:101A10005050505050494D00D1F80C9042E000BF5A
:101A20004FF6FF73C1F221039A420FDC0023C1F28B
:101A300011039A421AD00023C1F212039A4215D020
:101A40000023C1F221039A4210D02BE00023C1F2FF
:101A500022039A420AD00023C1F231039A4205D0F0
:101A60000023C1F232039A421CD100BF8A6842B1FE
:101A7000012A14BFC0F81480C0F810804FF0080984
:101A800010E04FF004090DE0CA6802F1080909E00E
:101A90004FF0000906E0CA6802F1040902E0CA68D2
:101AA00002F10C0922460346BAF1080F24BF203A7E
:101AB00004331D680EFA02F6B54309FA02F22A430E
:101AC0001A60CA79D2067FF588AF41F21803C4F2D2
:101AD00002031A684FEA9A0B42F001021A601A6870
:101AE00004F00C0702F001020192019A40F2004258
:101AF000C4F20102A2F57E7252F82B3040F60006C5
:101B00000EFA07F5C4F20106B04223EA05050FD02C
:101B100040F60043C4F2010398423FF428AF41F27B
:101B20000003C4F201039842009B08BF02231FE791
:101B300000231DE702B0BDE8F08F00008068084078
:101B400018BF012070470000002A08BF0904016186
:101B50007047000040F6C040C2F2000000687047C5
:101B6000B0B5B0B3044690F83D0028B9002084F821
:101B70003C00204600F0B2FA242084F83D002068A2
:101B8000016821F001010160016841F40041016038
:101B9000016821F40041016000F0EEFC48F2804150
:101BA000C0F21E0140F6001288424FF00001C0F260
:101BB0003D02656838BF0121904248F2A1624FF0B2
:101BC0000003C0F2010238BF0123954238BF0B4623
:101BD0000BB10120B0BD4DF68361C4F21B31A0FBF7
:101BE000011221684FEA924C4B6823F03F0343EA0D
:101BF00092424A600A6A48F2A063C0F201039D4221
:101C000022F03F0313D80CF1010201386D001A4392
:101C1000B0FBF5F00A62CA6901304CF6FF736FF34E
:101C20001F3022EA030C042898BF04203FE04FF441
:101C300096720CFB02FC44F6D352C1F26202ACFB7A
:101C4000022C012202EB9C121A430A62CA69A368A1
:101C50004CF6FF7C22EA0C0CA0F1010E9BB119207E
:101C60006843BEFBF0F00422013062F31F30000530
:101C700012D09BB119206843BEFBF0F00422013062
:101C800062F31F3011E005EB4500BEFBF0F00130C0
:101C90006FF31F300005ECD1012008E005EB450093
:101CA000BEFBF0F001306FF31F3040F4004040EA1B
:101CB0000C00C8610868D4E9072320F0C000104375
:101CC00018430860886848F2FF3204F10C0C904316
:101CD0009CE82C10184310438860C86820F0FF006F
:101CE000284340EA0C00C860086840F00100086022
:101CF00000202021206484F83D10206384F83E00F9
:101D0000B0BD00002DE9F04381B01F46164688465D
:101D10000446FFF71FFF94F83D1020291ED12168CB
:101D2000054600BF886980071BD5FFF713FF401BDE
:101D300021681A28F6D388698007F3D5002020216E
:101D4000206384F83D1084F83E00216C4FF00208B7
:101D500041F02001216484F83C0008E04FF00208C3
:101D600005E094F83C00012805D14FF002084046F8
:101D700001B0BDE8F083012084F83C000868C0078A
:101D800003D1086840F001000860086820F4006092
:101D90000860212084F83D00102084F83E000020D7
:101DA000206466626785608D20850020CFF6FF7015
:101DB000E062E06A10F5803F18BF012846D108684C
:101DC00040F4807008604869089FC00714D17E1CE9
:101DD00007E000BF4869C00700F0F9804869C00704
:101DE0000AD1002EFAD0FFF7B5FE2168002FF1D0FE
:101DF000401BB842F2D9EDE72069B0F5804F01D120
:101E0000FE202AE0062000EAD810F03008610846DB
:101E100050F8142F12071FD47E1C08E048690007F1
:101E200040F13181084650F8142F120714D44A6942
:101E3000520500F1E780002EF4D0FFF78BFE2168F9
:101E4000002FEBD0401BB842ECD9E7E70828B6D00A
:101E5000206B1228B3D0B6E7FF2000EA0800086123
:101E6000084650F8142F92071AD47E1C09E000BFD0
:101E70004869800740F1DD80084650F8142F92072A
:101E80000ED44A69520500F18680002EF4D0FFF787
:101E900061FE2168002FEBD0401BB842ECD9E7E788
:101EA0004FF00008CDF800804869009088690090E4
:101EB0000098B4F82890B9F1000F60D07E1C0A4653
:101EC00052F8143F1B060AD519E000BF4869000606
:101ED00040F1BF800A4652F8140F00060DD448693D
:101EE00040056FD4002EF5D0FFF734FE2168002F97
:101EF000ECD0401BB842EDD9E8E7B4F82890D4F80C
:101F000024C0624612F8013B0B616262628DA9F146
:101F10000103013A628523850A4652F814EF18043A
:101F200018BF1EF004000BD09CF80100A9F10203B9
:101F300008610CF102006062608D013860852385C4
:101F40001068400709D517E04869400740F1AB80A9
:101F50000A4652F8140F40070DD4486940054CD486
:101F6000002EF5D0FFF7F6FD2168002FECD0401BC6
:101F7000B842EDD9E8E7238D180499469FD1086847
:101F800040F400700860202084F83D0084F83E8012
:101F900084F83C80EBE60A684FF0010842F40072D6
:101FA0000A606FF48061016000202021206384F8C2
:101FB0003D1084F83E00216C41F00401216484F856
:101FC0003C00D4E66FF480601060042042E0002002
:101FD0002022206384F83D2084F83E00226C4FF0DC
:101FE000010842F02002226484F83C000868C00521
:101FF00044BF4FF400702064B9E66FF48060106055
:10200000042051E00A684FF0010842F400720A60AF
:102010006FF48061016000202021206384F83D106E
:1020200084F83E00216C41F00401216484F83C00F6
:102030009DE600202021206384F83D1084F83E00B6
:10204000216C4FF0010841F02001216484F83C002C
:102050008DE6202000222023226384F83D3084F87E
:102060003E20236C1843206484F83C20206C042814
:1020700006D108684FF0010840F40070086076E669
:102080004FF0010873E600202021206384F83D1002
:1020900084F83E00216C4FF0010841F020012164DA
:1020A00084F83C0063E6202000222023226384F889
:1020B0003D3084F83E20236C1843206484F83C2093
:1020C000206C042806D108684FF0010840F4007025
:1020D00008604CE64FF0010849E6000010B586B0F4
:1020E000016845F20040C4F2000081424FF0000157
:1020F000CDE90411CDE9021101D006B010BD41F2C5
:102100001804C4F20204216800F5384041F00801C7
:102110002160216801F0080101910199C02102911B
:10212000122103910321059102A9FFF7FFFB6068CB
:1021300040F400106060606800F4001001900198A5
:1021400006B010BD40F28C2040F6C041C2F2000043
:10215000C2F2000100780A6810440860704700006D
:1021600080B542F20000C4F20200016841F01001A3
:102170000160032000F08EF80F2000F005F800F059
:102180002BF8002080BD0000B0B540F28C22C2F2D6
:10219000000240F200011278C2F200014FF47A739B
:1021A0000968B3FBF2F20446B1FBF2F1084600F015
:1021B0001BFF0F2C4FF001050CD858B94FF0FF3022
:1021C00021460022002500F039F840F29020C2F2AA
:1021D000000004602846B0BD82B041F21800C4F28D
:1021E00002000168022241F001010160016801F072
:1021F000010101910199416841F0805141604068BD
:1022000000F08050009000980420C4F201000168A2
:1022100062F31A61016002B070470000002848BFF5
:10222000704700F01F01012202FA01F14EF2001284
:102230004009CEF2000242F82010704710B54EF669
:102240000C5CCEF2000CDCF80030C3F3022E8EF0F2
:102250000704042C28BF0424BEF103034FF0FF3E03
:102260000EFA04F438BF0023A14399400EFA03F399
:102270009A4300F00F03043B1143634409010C33FC
:1022800000F16042B0F1FF3FC8BF02F5644319702E
:1022900010BD00004EF60C51CEF200010A684FF658
:1022A000FF031A4060F30A2242F0806040F0FD70A4
:1022B000086070472DE9F04182B00446007841F291
:1022C0001C06C007C4F202064ED03068C0000BD412
:1022D00030684FF0010840F080503060306800F006
:1022E00080500190019801E04FF0000847F200078C
:1022F000C4F200073868C00512D4386840F4807012
:102300003860FFF727FC05463868C00508D4FFF79A
:1023100021FC401B6428F7D9032002B0BDE8F081FE
:10232000706810F4407012D0616801F44071884206
:102330000DD0706840F24042C4F24222012320F4E2
:10234000407113600023C0071360716029D1706869
:10235000616820F440700843B8F1000F706003D04A
:10236000306820F0805030602068810707D556F82B
:10237000181CA26821F44041114346F8181CC006FD
:1023800003D4002002B0BDE8F08156F8180CE168D3
:1023900020F48000084346F8180C002002B0BDE885
:1023A000F081FFF7D7FB054641F288377068800758
:1023B000CDD4FFF7CFFB401BB8424FF00300F5D957
:1023C000ECE700002DE9F04381B0002800F08380A5
:1023D00042F20008C4F202080446D8F800000D4694
:1023E00000F0070088420CD2D8F8000020F0070067
:1023F0002843C8F80000D8F8000000F00700A84201
:1024000069D1206841F204098107C4F2020917D595
:10241000410705D5D9F8001041F4E061C9F8001072
:10242000010705D5D9F8001041F46051C9F8001032
:10243000D9F80010A26821F0F0011143C9F800108A
:10244000C00741D1D8F8000000F00700A8420CD91D
:10245000D8F8000020F007002843C8F80000D8F89A
:10246000000000F00700A84235D12068410707D5D9
:10247000D9F80010E26821F4E0611143C9F80010B6
:10248000000708D5D9F80000216920F4605040EA1F
:10249000C100C9F80000D9F8002002F00C0008289B
:1024A00041F20020C0F27A004BD148F6FC03C2F39F
:1024B0008341C0F60003595CD20336D440F60010C5
:1024C000C0F23D0048433CE06068012807D159F85C
:1024D000041C89030CD4012001B0BDE8F08359F835
:1024E000041C022802D18901F5D501E08907F2D543
:1024F000D9F8001021F003010843C9F80000FFF7E4
:1025000029FB064641F28837D9F80000616800F0DF
:102510000C00B0EB810F95D0FFF71CFB801BB8427D
:10252000F2D9032001B0BDE8F083D9F8002048F6C5
:10253000FA03C2F34042C0F600039A5C4843B0FB82
:10254000F2F0D9F8001048F6E202C1F30311C0F628
:102550000002515C40F2000220FA01F140F29020AA
:10256000C2F200000068C2F200021160FFF70CFE28
:10257000002001B0BDE8F08340F2000041F2040108
:10258000C2F20000C4F202010068096848F6F202D3
:10259000C1F30221C0F60002515CC8407047000040
:1025A00040F2000041F20401C2F20000C4F2020154
:1025B0000068096848F6F202C1F3C221C0F60002C1
:1025C000515CC840704700002DE9F04182B00028FE
:1025D00067D00446007841F20006C007C4F2020644
:1025E00024D0706800F00C0004281AD0706800F045
:1025F0000C00082802D17068C00312D4606800285B
:1026000000F04181B0F5803F07D03168B0F5A02FD0
:1026100040F06E8141F480203060306840F48030BA
:102620006CE13068800301D56068D0B32078800702
:1026300018D5706810F00C0F07D0706800F00C000F
:10264000082856D17068C00353D43068800702D57B
:102650002069012825D13068616920F0F80040EA3E
:10266000C1003060207800071FD42078400731D4A3
:10267000E56995B1706800F00C00082840F08B8087
:10268000012D0ED07068216A00F480328A4208D190
:10269000616A00F47010884203D1002002B0BDE8E6
:1026A000F081012002B0BDE8F081A069B8B300203C
:1026B000C4F242200121C0F88014FFF74BFA05460E
:1026C000706A800700F18A80FFF744FA401B0228F5
:1026D000F6D920E1F069C00033D4F0694FF0010869
:1026E00040F08050F061F06900F080500090009858
:1026F00029E02069002840F20000C4F2422000F0E6
:10270000978001210160FFF725FA054630688007B0
:10271000A1D4FFF71FFA401B0228F7D9FBE00020E5
:10272000C4F242200021C0F88014FFF713FA0546D6
:10273000706A800799D5FFF70DFA401B0228F7D978
:10274000E9E04FF0000847F20007C4F200073868DC
:10275000C00510D4386840F480703860FFF7FAF98B
:10276000054600BF3868C00505D4FFF7F3F9401BE4
:102770006428F7D9CFE0E06800286BD0012806D0A4
:10278000316A052840F0968041F004003062306ADA
:1027900040F0010094E00027C4F242270020386690
:1027A000FFF7D8F9022D05460CD100BF3068800133
:1027B00040F1B580FFF7CEF9401B02284FF003002F
:1027C000F4D96BE7306880017FF567AFFFF7C2F996
:1027D000401B02284FF00300F4D95FE740F20000ED
:1027E000C2F20000006844F6D351C1F26201A0FBBE
:1027F0000101480A019000BF00BF0198411E002856
:1028000001913FF432AF00BF0198411E00280191B1
:102810003FF42BAF00BF0198411E002801913FF407
:1028200024AF00BF0198411E00280191E4D11CE7AC
:1028300000210160FFF78EF9054600BF3068800770
:102840007FF510AFFFF786F9401B02284FF0030019
:10285000F4D923E7306A20F001003062306A20F0BA
:1028600004003062FFF776F9054641F2883700BF71
:10287000306A800733D5FFF76DF9401BB8424FF03F
:102880000300F5D90AE7306820F480303060306802
:1028900020F480203060FFF75DF905463068800342
:1028A0007FF5C4AEFFF756F9401B64284FF00300D4
:1028B000F4D9F3E621F001003062306A20F0040020
:1028C0003062FFF747F9054641F28837306A8007E2
:1028D00005D4FFF73FF9401BB842F7D91BE0B8F128
:1028E000000F3FF4C5AEF06920F08050F061BFE604
:1028F00021F480303060306820F480203060FFF7B1
:1029000029F90546306880033FF590AEFFF722F9BC
:10291000401B6428F6D9032002B0BDE8F081206A8C
:10292000B0F5803F05D17168A26821F400311143F0
:1029300071607168626A21F4741110430843706019
:1029400001203866FFF706F9044600BF30688001B1
:102950003FF5A3AEFFF7FEF8001B02284FF003007F
:10296000F4D99BE670B538B10446406A30B1002016
:10297000206104F1140007E0012070BD6068B0F52B
:10298000827F03D004F11C00002101600026A662B2
:1029900094F851004FF0000C38B9204684F850608C
:1029A00000F03AF8A06A00F4005C022184F85110AB
:1029B00094E80E00E0680D6802F4827225F040058C
:1029C0000D6003F404431A44236900F400601044CA
:1029D00003F002026369104403F00102A369E56990
:1029E000104403F40072104405F03802256A1044C4
:1029F00005F08002104340EA0C000860042000EA61
:102A000013404860C86920F40060C8610120666511
:102A100084F85100304670BD70B586B0002640F68F
:102A200000040596CDE90366C4F20104006804F5CC
:102A300020518842029601D006B070BD41F21800C4
:102A4000C4F20200016802AD41F4805101600168E6
:102A500001F4805101910199016841F00401016084
:102A60000068294600F0040001900198A02002901F
:102A700002200390032005902046FEF757FF4020D8
:102A8000CDE90206204629460496FEF74FFF06B020
:102A900070BD00002DE9F04182B0044690F851006D
:102AA000012818D160681D4617460E46B0F5827F92
:102AB00001D1A06898B1FFF74DF88046002E4FF085
:102AC000010018BF002F02D102B0BDE8F08194F8D8
:102AD0005000012810D1022002B0BDE8F08104208E
:102AE00084F851002046314632463B46009500F0BE
:102AF0006FF902B0BDE8F081012084F85000042095
:102B0000002184F851006165A663A787E7872163E8
:102B1000A186E186A2682068B2F5004F2164616455
:102B200007D1016821F040010160016821F4804172
:102B300001600168490603D4016841F04001016069
:102B4000E268E18FD2B199B36E1C00BF8168C907FA
:102B500008D1FEF7FFFF6EB1A0EB0800A84209D331
:102B600058E000BFC068A16B21F8020BA163E08FA1
:102B70000138E087E08FD8B12068E7E7C1B16E1C6B
:102B80008168C90707D1FEF7E5FF6EB1A0EB080029
:102B9000A84209D33EE0007BA16B0870A06B013016
:102BA000A063E08F0138E087E08F08B12068E7E795
:102BB0006068B0F5827F11D1A068B0F5004F02D0F7
:102BC000B0F5806F0AD12168B0F5806F0A6822F0F5
:102BD00040020A6002D12046012101E02046802106
:102BE00000222B46CDF8008001F0FAFE28B1606D7E
:102BF00040F02000606520206065012084F85100CD
:102C0000002084F85000606D002818BF012002B039
:102C1000BDE8F081012084F85100002084F85000C4
:102C2000032002B0BDE8F0812DE9F04182B01D46DD
:102C300016460F460446FEF78DFF94F85110012901
:102C40000DD18046002F4FF0010018BF002E02D199
:102C500002B0BDE8F08194F85000012803D10220B1
:102C600002B0BDE8F081012084F85000032000216B
:102C700084F8510061652763A686E686A163A18773
:102C8000E187A0682164B0F5004F2068616407D136
:102C9000016821F040010160016841F48041016058
:102CA0000168490603D4016841F040010160616890
:102CB000731EE268B1FA81F1B3FA83F349095B0943
:102CC000B2F5006F41EA030124D131B137F8021B9C
:102CD000C1602763E18E0139E186E18E002948D089
:102CE0006E1C00BF8168890708D4FEF733FF6EB100
:102CF000A0EB0800A84209D331E000BF216B31F8F6
:102D0000022BC2602163E08E0138E086E08E80B342
:102D10002068E7E739B139780173206B013020630F
:102D2000E08E0138E086E08E18B36E1C0BE000BF29
:102D3000216B09780173206B01302063E08E01382C
:102D4000E086E08EA8B1206881688907F0D4FEF79C
:102D500001FF002EF5D0A0EB0800A842F1D301201E
:102D600084F85100002084F85000032002B0BDE830
:102D7000F0812046022101222B46CDF8008001F08F
:102D80002FFE40B92046802100222B46CDF800803E
:102D900001F026FE28B1606D40F020006065202023
:102DA0006065A06838B9002001902068C168019171
:102DB000806801900198012084F85100002084F877
:102DC0005000606D002818BF012002B0BDE8F081FE
:102DD0002DE9F04383B01E4615460F460446FEF724
:102DE000B9FE94F851108146012908D1002F4FF007
:102DF000010018BF002D0ED103B0BDE8F08360685C
:102E0000B0F5827F0DD104294FF00200F4D1A16802
:102E10000029EBD0F0E7002EEED094F85000012806
:102E200003D1022003B0BDE8F083012084F85000F4
:102E300094F85100002104281CBF052084F851009B
:102E40006165A563E687A6872763E6862068A68670
:102E5000216461640168490603D4016841F04001BE
:102E600001606168731EE268B1FA81F1B3FA83F31D
:102E7000DDF8288049095B09B2F5006F41EA0301DA
:102E800037D131B137F8021BC1602763E08E0138BA
:102E9000E086012608F10105E08E10B9E08F0028D8
:102EA0006CD02068816889070CD5E18E012E09D18C
:102EB00041B1216B002631F8022BC2602163E18E03
:102EC0000139E1868168C9070AD0E18F41B1C06844
:102ED000A16B012621F8020BA163E08F0138E08786
:102EE000FEF738FE002DD7D0A0EB09004045D3D324
:102EF0003AE039B139780173206B01302063E08EFC
:102F00000138E086012608F1010500BFE08E08B90E
:102F1000E08F98B32068816889070ED5E18E012E75
:102F20000BD151B1216B002609780173216B206808
:102F300001312163E18E0139E1868168C9070BD037
:102F4000E18F49B1C068A16B01260870A06B013008
:102F5000A063E08F0138E087FEF7FCFD002DD5D09F
:102F6000A0EB09004045D1D3012084F85100002096
:102F700084F85000032003B0BDE8F083204602210E
:102F800001224346CDF8009001F02AFD40B92046C9
:102F9000802100224346CDF8009001F021FD60B170
:102FA000606D40F02000606520206065002084F89E
:102FB0005000012003B0BDE8F083A06838B90020BC
:102FC00002902068C16802918068029002980120F6
:102FD00084F85100002084F85000606D002818BF6C
:102FE000012003B0BDE8F083411E0020B0EB116F5B
:102FF0001CBF012070474EF21002CEF20002516059
:103000004EF62351CEF20001F0230B7007219060A1
:1030100011607047B0B590F83C20012A04BF02202F
:10302000B0BD01F108053CCDD1E900CE23F47C53BD
:1030300022F470521A432EF4F0431A432CF4E04366
:103040001A4324F4C0431A432A43C96922F4804234
:10305000036811435964002180F83C100846B0BD54
:1030600010B590F83C20012A4FF0020231D0012324
:1030700080F83C3080F83D200268D2F804E0D2F8B5
:1030800008C00C682EF07003234340F2FF74C4F2B2
:103090000004A242536005DCB2F1804F0ED040F232
:1030A000004307E042F60043C4F201039A4205D010
:1030B00040F60003C4F200039A4204D149682CF0A0
:1030C0008003194391600121002280F83D1080F8AF
:1030D0003C20104610BD0000002804BF01207047AE
:1030E00010B5044690F83D0028B9002084F83C0053
:1030F000204600F065F8022084F83D00206840F288
:10310000FF730268C4F2000342F6004C9842C4F216
:10311000010C05DCB0F1804F0AD040F2004103E021
:10312000604505D040F60001C4F20001884203D199
:10313000A16822F070020A43984205DCB0F1804F8A
:103140000AD040F2004103E0604505D040F600019E
:10315000C4F20001884203D1216922F440720A437B
:10316000A36922F08001D4F804E0E26819436045C5
:103170000160C262C0F828E002D16169CCF8301069
:10318000012141610269D20703D0026922F00102E4
:103190000261002084F8461084F83E1084F83F1045
:1031A00084F8401084F8411084F8421084F84310E9
:1031B00084F8441084F8451084F83D1010BD0000D8
:1031C00081B0006842F60041C4F20101884201D09A
:1031D00001B0704741F21800C4F20200016841F4E6
:1031E00000610160006800F400600090009801B088
:1031F0007047000080B590F83C20012A4FF0020291
:1032000000F0C280012380F83C3080F83D20D0F8E7
:1032100000C04FF67772DCF8083023EA0202CCF8DF
:1032200008200B684F2B28DC1F2B43DD202B44D0BC
:10323000302B42D0402B40F0A980D1F804E0C9687F
:10324000DCF82030DCF8202022F00102CCF820202D
:10325000DCF8182022F0F00242EA011123F00A0201
:1032600042EA0E02CCF81810CCF82020DCF8081046
:1032700041F0470121F030017DE06F2B25DDB3F5F2
:10328000005F46D0B3F5805F77D0702B7ED1D1E957
:1032900001E3C968DCF8082043EA0E0322F47F4208
:1032A00043EA01211143CCF80810DCF8081041F082
:1032B000770160E00BB1102B68D1DCF8081021F029
:1032C0007001194341F0070155E0502B34D0602BB9
:1032D0005CD1D1F804E0C968DCF82030DCF82020AB
:1032E00022F01002CCF82020DCF8182022F47042E2
:1032F00042EA013123F0A00242EA0E12CCF8181083
:10330000CCF82020DCF8081041F0670121F0100112
:1033100031E0D1E901E3C968DCF8082043EA0E0393
:1033200022F47F4243EA01211143CCF80810DCF873
:10333000081041F480411EE0D1F804E0C968DCF8CF
:103340002030DCF8202022F00102CCF82020DCF82C
:10335000182022F0F00242EA011123F00A0242EAA8
:103360000E02CCF81810CCF82020DCF8081041F040
:10337000570121F02001CCF808100022012180F82B
:103380003D10002180F83C10104680BD0122F5E779
:103390002DE9F04190F83C30012B04BF0220BDE83C
:1033A000F0814FEAB2020123032A80F83C3000F298
:1033B000EA80DFE802F0023B77B303681E6A1A6A0C
:1033C00022F001021A621A46D3F804C052F8184FCC
:1033D0000D6824F073048F6844EA050E42F6004538
:1033E00026F00204C4F20105AB4244EA07040CD102
:1033F000CD6824F00C04D1E9056725F004052C43C1
:103400002CF440752E4346EA070CC3F804C0C3F8F9
:1034100018E04F6809695F631C629F6947F00807FD
:103420009F619F6927F004079F61A8E003681C6AF9
:103430001A6A24F0200422F010021A621A46D3F805
:1034400004C052F8187F0E6827F4E6478D6847EAF3
:10345000062E42F60046C4F20106B34244EA0514C1
:103460000FD1CD68D1E905876FF0400606EA051552
:103470002CF4406624F0C00446EA88062C4346EA51
:10348000870CC3F804C0C3F818E04F6809699F634C
:103490001C629F6947F400679F619F6927F48067FA
:1034A0009F616BE003681C6A1A6A24F4007422F4BA
:1034B00080721A621A46D3F804C052F81C7F0E6854
:1034C00027F073078D6847EA060E42F60046C4F2FD
:1034D0000106B34244EA05240FD1CD68D1E905873E
:1034E0002D0240F2FF46B5432CF4405624F44064CC
:1034F00046EA08162C4346EA071CC3F804C0C3F882
:103500001CE04F680969DF631C62DF6947F0080748
:10351000DF61DF6927F00407DF6130E003681C6AC0
:103520001A6A24F4005422F480521A621A46D3F81C
:1035300004C052F81C7F0E6827F4E6478D6847EAFE
:10354000062E42F60046C4F20106B34244EA0534B0
:1035500004D14D692CF4804747EA851CC3F804C0A8
:10356000C3F81CE04F6809691F641C62DF6947F4F7
:103570000067DF61DF6927F48067DF610902136894
:10358000194300231160002180F83C101846BDE863
:10359000F0810000002804BF0120704710B50446E8
:1035A00090F83D0028B9002084F83C00204600F047
:1035B00065F8022084F83D00206840F2FF7302683D
:1035C000C4F2000342F6004C9842C4F2010C05DC40
:1035D000B0F1804F0AD040F2004103E0604505D0D1
:1035E00040F60001C4F20001884203D1A16822F034
:1035F00070020A43984205DCB0F1804F0AD040F2D5
:10360000004103E0604505D040F60001C4F200012E
:10361000884203D1216922F440720A43A36922F04F
:103620008001D4F804E0E268194360450160C26299
:10363000C0F828E002D16169CCF830100121416165
:103640000269D20703D0026922F001020261002060
:1036500084F8461084F83E1084F83F1084F8401037
:1036600084F8411084F8421084F8431084F8441020
:1036700084F8451084F83D1010BD0000704700002C
:1036800041B1082909D0042914BF00F1410200F119
:103690003F0204E000F13E0201E000F14002127836
:1036A000012A1CBF01207047022241B1082909D01C
:1036B000042914BF80F8412080F83F2004E080F8FE
:1036C0003E2001E080F84020006801F01F01012247
:1036D000036A8A4023EA02010162036A42F6444116
:1036E000C4F201011A43A1F144039842026203D1DA
:1036F0000A6842F400420A6040F2FF71C4F200011D
:10370000884205DCB0F1804F0ED040F2004107E066
:1037100042F60041C4F20101884205D040F60001A2
:10372000C4F20001884206D1816801F00701062930
:1037300004BF00207047016841F0010101600020D2
:103740007047000081B090F84230202B5AD10029F8
:103750004FF0010318BF002A55D001230363002353
:103760004363816222218285C285436480F84210CE
:10377000026901681AB1CA6842F48072CA604A6973
:1037800042F001024A61CA6842F02002CA60026B3C
:10379000012A3BD1002300930A6800924A680092F4
:1037A000009A51E8031FD0F800C041F010014CE826
:1037B000031242B3016851E8031F026841F010018F
:1037C00042E8031323B3016851E8031F026841F084
:1037D000100142E80313EBB1016851E8031F0268CE
:1037E00041F0100142E80313B3B1016851E8031F2F
:1037F000026841F0100142E80313002B4FF0000370
:10380000D8D100E00223184601B070470123FAE73F
:103810000023F8E70023F6E70023F4E7006844F20A
:103820000042C4F20002904212D043F60002C4F2F9
:103830000102904218BF704740F6B410C2F2000077
:10384000016040F6B810C2F200000121016070472B
:10385000084602F037BE000010B50446206850E864
:10386000030F216820F4F07041E80302BAB3206826
:1038700050E8030F216820F4F07041E8030272B3AE
:10388000206850E8030F216820F4F07041E803023B
:103890002AB3206850E8030F216820F4F07041E853
:1038A0000302002ADAD11AE0206850E8050F2168E7
:1038B00020F0010041E80502DAB1206850E8050F68
:1038C000216820F0010041E8050292B1206850E82B
:1038D000050F216820F0010041E805024AB1206887
:1038E00050E8050F216820F0010041E80502002A98
:1038F000DAD1206B012824D1206850E8030F216819
:1039000020F0100041E80302DAB1206850E8030F0C
:10391000216820F0100041E8030292B1206850E8CD
:10392000030F216820F0100041E803024AB120682B
:1039300050E8030F216820F0100041E80302002A3C
:10394000DAD120684169090631D500BF50E8050F7A
:10395000216820F0800041E80502E2B1206850E8CB
:10396000050F216820F0800041E805029AB1206827
:1039700050E8050F216820F0800041E8050252B1AF
:10398000206850E8050F216820F0800041E805021A
:103990000AB12068DAE7A06B48B100214163FDF766
:1039A0001FFE20B1A06BFDF793FE202835D02068C4
:1039B0004169490635D500BF50E8050F216820F060
:1039C000400041E80502E2B1206850E8050F216897
:1039D00020F0400041E805029AB1206850E8050F48
:1039E000216820F0400041E8050252B1206850E80B
:1039F000050F216820F0400041E805020AB1206867
:103A0000DAE7E06B68B100214163FDF7E9FD40B101
:103A1000E06BFDF75DFE202803D1102060640320D9
:103A200010BD00202021E084E085606484F842100D
:103A300084F84110206310BD006844F20041C4F2D4
:103A40000001884208BF01F0F3BE7047F0B581B0B5
:103A5000044600680168C268456901F02F03202B05
:103A600002F0200306D12BB1204601B0BDE8F040A2
:103A700001F07CB85FEA017C07D005F0010E12F47A
:103A8000907F8EF001052FD175B3236B1140CA06CC
:103A900018D5012B16D100210091016800914168D1
:103AA000009100994169490600F18081A18DE28D64
:103AB000E38D002B1CBF891A5FEA014240F0FD80B4
:103AC00001B0F0BD0A0600F12A824906F8D5C168A6
:103AD00021F04001C1602021204684F8411001B04E
:103AE000BDE8F04000F0C8BBCE0718BF12F48076E6
:103AF00003D0666C46F00106666401F004070126F7
:103B000086EA97072F4303D1676C47F00207676483
:103B100001F0020786EA5706354303D1656C45F08C
:103B20000405656453EA0E0318BF0123BCF1000FBE
:103B300004D51BB1636C43F008036364636C002B12
:103B4000BED01140890603D5204601F00FF8206849
:103B50004169626C01F0400102F00802891800F02E
:103B6000EF8100BF50E8030F216820F4907041E816
:103B70000302C2B3206850E8030F216820F490705C
:103B800041E803027AB3206850E8030F216820F46B
:103B9000907041E8030232B3206850E8030F2168B7
:103BA00020F4907041E80302EAB12068DAE700BF30
:103BB000206850E8050F216820F0010041E8050267
:103BC000DAB1206850E8050F216820F0010041E8D3
:103BD000050292B1206850E8050F216820F001002D
:103BE00041E805024AB1206850E8050F216820F03D
:103BF000010041E80502002ADAD1206B012824D116
:103C0000206850E8030F216820F0100041E803020B
:103C1000DAB1206850E8030F216820F0100041E875
:103C2000030292B1206850E8030F216820F01000D1
:103C300041E803024AB1206850E8030F216820F0F0
:103C4000100041E80302002ADAD1202084F8420063
:103C50000020206320684169490640F18A8150E8CC
:103C6000050F216820F0400041E80502002A00F01D
:103C70006E81206850E8050F216820F0400041E87F
:103C80000502002A00F06381206850E8050F2168D2
:103C900020F0400041E80502002A00F05881206829
:103CA00050E8050F216820F0400041E80502002A95
:103CB00000F04D812068D2E7206850E8030F2268A9
:103CC00020F4907042E80303BBB3206850E8030F70
:103CD000226820F4907042E8030373B3206850E830
:103CE000030F226820F4907042E803032BB320688E
:103CF00050E8030F226820F4907042E80303002B81
:103D0000DAD11AE0206850E8050F226820F001009F
:103D100042E80503DBB1206850E8050F226820F077
:103D2000010042E8050393B1206850E8050F2268BE
:103D300020F0010042E805034BB1206850E8050F70
:103D4000226820F0010042E80503002BDAD1202090
:103D500084F8420000202063206850E8030F2268A6
:103D600020F0100042E80303DBB1206850E8030FA5
:103D7000226820F0100042E8030393B1206850E865
:103D8000030F226820F0100042E803034BB12068C3
:103D900050E8030F226820F0100042E80303002BD4
:103DA000DAD1022289B220466263B3E0E26B116885
:103DB0004B689EB2002E3FF483AEA18D8E42BFF4BD
:103DC0007FAEE3859269202A00F09E8050E8030FC1
:103DD000216820F4807041E80302E2B1206850E8D5
:103DE000030F216820F4807041E803029AB1206833
:103DF00050E8030F216820F4807041E8030252B1BB
:103E0000206850E8030F216820F4807041E8030225
:103E10000AB12068DAE7206850E8050F216820F031
:103E2000010041E80502BAB3206850E8050F216897
:103E300020F0010041E8050272B3206850E8050F48
:103E4000216820F0010041E805022AB3206850E80B
:103E5000050F216820F0010041E80502002ADAD1AF
:103E60001AE0206850E8050F216820F0400041E882
:103E70000502DAB1206850E8050F216820F0400003
:103E800041E8050292B1206850E8050F216820F052
:103E9000400041E805024AB1206850E8050F21685A
:103EA00020F0400041E80502002ADAD1202084F801
:103EB000420000202063206850E8030F216820F0B2
:103EC000100041E80302DAB1206850E8030F2168CE
:103ED00020F0100041E8030292B1206850E8030F7F
:103EE000216820F0100041E803024AB1206850E840
:103EF000030F216820F0100041E80302002ADAD104
:103F0000E06BFDF76DFBA18D02206063E08D081A68
:103F100081B2204601B0BDE8F040FFF77FBC94F8C5
:103F2000411021297FF4CCADA168B1F5805F01D1AA
:103F3000216921B3216A4A1C22620978416025E087
:103F40002046FFF779FD0020606401B0F0BDE06B12
:103F500078B144F66131C0F600014163FDF760FBC2
:103F600000283FF4ADADE06B416B01B0BDE8F0401F
:103F70000847204601B0BDE8F040FFF75DBD216A6B
:103F800031F8022B6FF35F2242602162E18C01392C
:103F90000A04E1847FF494ADC16821F08001C1601E
:103FA000C16841F04001C16001B0F0BD002804BF0C
:103FB0000120704710B5044690F8410028B9002050
:103FC00084F84000204600F05FF8242084F8410087
:103FD0002068D4E90212C36823F40053C360036964
:103FE00023F440531A430261D4E904231143C26805
:103FF000194341F20C639A431143C1604169A269BC
:1040000021F44071114343F60002C4F201029042D0
:10401000416102D0FEF7B0FA01E0FEF7C1FA626832
:10402000192148439100B0FBF1F048F21F51C5F24D
:10403000EB11A0FB01235A096FF0630302FB03009D
:10404000322303EB0010A0FB0101F02303EA51131C
:10405000206803EB0212C1F343111144816001692E
:1040600021F490410161416921F02A014161C16857
:1040700041F40051C16000202021606484F84110A7
:1040800084F84210606310BDB0B586B0006844F299
:10409000004140F60004C4F20001C4F20104884269
:1040A0004FF00001CDE90411CDE902112BD043F608
:1040B0000001C4F20101884257D141F21800C4F254
:1040C0000200016841F480410160016801F480410F
:1040D00001910199016841F004010160006802A9A1
:1040E00000F00400019001984FF40070029002204B
:1040F0000390032005902046FDF718FC4FF48060E4
:104100000290252522E041F21800C4F20200416825
:1041100041F400314160416801F40031019101999D
:10412000016841F004010160006802A900F0040088
:104130000190019804200290022003900320059032
:104140002046FDF7F3FB0820262502900020CDE94C
:10415000030002A92046FDF7E9FB284600210022C2
:10416000FEF76CF82846FEF759F806B0B0BD00001F
:10417000006843F60001C4F20101884218BF70478D
:1041800040F6B810C2F20000012101607047000043
:104190002DE9F04381B0044690F84100202859D120
:1041A000894600294FF0010063D01646002A60D0EE
:1041B0004FF0000821201D46C4F8448084F84100D7
:1041C000FDF7C8FCA684E684A1680646B1F5805FC9
:1041D00005D12069002814BF4846C8468146E28CB4
:1041E0002068016822B36F1C01E000BF0168090666
:1041F0000AD4002FFAD0FDF7ADFC7DB3801BA84296
:104200002CD82068C168F1E7B9F1000F02D019F885
:10421000011B05E038F8021B4FF000096FF35F2126
:104220004160E18C0139E184E28C0168002ADED131
:1042300049061AD46F1C02E00168490615D4002F04
:10424000FAD0FDF787FC4DB1801BA84206D8206844
:10425000C168F1E7022001B0BDE8F083202084F8B6
:104260004100032001B0BDE8F083202084F8410024
:10427000002001B0BDE8F08370470000FEE70000B9
:10428000B0B584B040F6BC1042F200410024C2F246
:104290000000C4F2010101254FF460234FF4807245
:1042A00005730475C361C0E9001402210394CDE9CC
:1042B000014482600161FDF793F8002818BFFCF704
:1042C00091FF0320CDE90145039040F6BC10C2F2F6
:1042D000000001A9FCF7DAFF002818BFFCF782FFF5
:1042E000012001900220029040F6BC10C2F20000B2
:1042F00001A9FCF7CBFF002818BFFCF773FF04B03F
:10430000B0BD000080B582B041F21400C4F20200DA
:104310000168002241F0010101600068002100F005
:104320000100019001980B20FDF788FF0B2002B0DF
:10433000BDE88040FDF772BF2DE9F04F85B041F236
:104340001800C4F20200016840F6004841F0100174
:1043500001600168C4F2010801F0100101910199A6
:10436000016808F5806641F02001016001680022C3
:1043700001F02001019101990168002441F004013C
:104380000160016801F0040101910199016841F0A7
:104390000801016000684FF4005100F0080001902E
:1043A00001983046FDF7D0FB30464FF40041012222
:1043B0004FF0010AFDF7C8FBA8F5806738461021C9
:1043C00001224FF01009FDF7BFFB404648F2020101
:1043D0000122FDF7B9FB4FF4204001ADCDE9010A00
:1043E0004FF0020B304629460394CDF810B0FDF78C
:1043F0009DFA032638462946CDF804B00296FDF70B
:1044000095FA38462946CDE9019ACDE90346FDF7EC
:104410008DFA43F20100CDE9010440462946039498
:10442000FDF784FA40462946CDE901BACDE90346B5
:10443000FDF77CFA4FF4806001900020C1F211007A
:10444000CDE9020440462946FDF770FA4FF40040DA
:10445000CDE9010A40462946CDE9034BFDF766FA4E
:1044600028200A210022FDF7E9FE2820FDF7D6FECC
:1044700005B0BDE8F08F000080B540F6302045F271
:104480000041C2F20000C4F2000148F2A062002321
:104490004FF4804CC0F2010280E80E00C0E9033CFA
:1044A000C0E90533C0E90733FDF75AFB002808BF10
:1044B00080BDBDE88040FCF795BE000080B540F6A9
:1044C000842043F20001C2F20000C4F201014FF463
:1044D0008272002380E80E0000F114014FF4007C8A
:1044E0004FF0200EC0E9033381E808500A21C0E9EB
:1044F0000833C0E90A31FEF735FA002808BF80BD4D
:10450000BDE88040FCF76EBE70B59CB042F6004539
:1045100040F6DC20C4F201050021C2F2000041F6A1
:104520001F4263238026CDE91511CDE913111191A6
:10453000CDE90F11CDE90D11CDE90B11CDE909112F
:10454000CDE90711CDE90511CDE90311CDE901113F
:10455000C0E90052C0E90213C0E904118661FEF708
:10456000BBFD002818BFFCF73DFE4FF480501390B0
:1045700040F6DC20C2F2000013A9FEF73BFE002843
:1045800018BFFCF72FFE40F6DC20C2F20000FFF758
:1045900001F8002818BFFCF725FE40F6DC200024B7
:1045A000C2F2000010A9CDE91044FEF759FD002821
:1045B00018BFFCF717FE6020CDE9090440F6DC20A7
:1045C000C2F2000009A90022CDE90B44CDE90D4457
:1045D0000F94FEF7DDFE002818BFFCF703FE40F63F
:1045E000DC2400264FF40050C2F200040596CDE909
:1045F0000366CDE90166069001A920460896FEF7FC
:1046000009FD002818BFFCF7EDFD2068CDE91A660A
:10461000A8421996189601D01CB070BD41F218003E
:10462000C4F20200016841F004010160006818A9A9
:1046300000F00400179017984FF480701890022033
:1046400019901B90A5F51050FDF770F91CB070BDC6
:1046500080B540F6243043F60001C2F20000C4F2F7
:10466000010100234FF00C0C4FF4E13280E80E0002
:10467000C0E90333C0E905C3C361FFF797FC002815
:1046800008BF80BDBDE88040FCF7ACBD80B540F6FA
:104690006C3044F20041C2F20000C4F20001002379
:1046A0004FF00C0C4FF4165280E80E00C0E90333B3
:1046B000C0E905C3C361FFF779FC002808BF80BDCE
:1046C000BDE88040FCF78EBDFEE70000FEE700007D
:1046D0002DE9F04F83B040F6302504464FF0000836
:1046E0004FF0FF37C2F200050DF10A064FF0400A05
:1046F0004FF0000B0BF1B0008DF80B00284678212D
:10470000324602238DF80A800097FDF7FBFA28460F
:10471000782132460223ADF80A800097FDF7F2FABD
:104720004FF48050ADF80A00284678213246022323
:104730000097FDF7E7FA4FF0000900BF28467821FF
:10474000324602238DF80AA08DF80B400097FDF742
:10475000D9FA09F101004FFA80F9B9F1FF3FEDDC18
:10476000BBF1070F0BF1010BC4D303B0BDE8F08F11
:10477000F0B583B04FF4487001F088F840F630246B
:104780004FF42E40C2F200040DF10A05ADF80A0004
:104790004FF0FF36204678212A4602230096FDF787
:1047A000B1FA0027204678212A460223ADF80A7084
:1047B0000096FDF7A7FA4FF48050ADF80A002046A6
:1047C00078212A4602230096FDF79CFA4FF4804098
:1047D000ADF80A00204678212A4602230096FDF70C
:1047E00091FA4FF43040ADF80A00204678212A466D
:1047F00002230096FDF786FA4FF40140ADF80A0057
:10480000204678212A4602230096FDF77BFA4FF4D2
:104810007F40ADF80A00204678212A460223009600
:10482000FDF770FA4FF42140ADF80A0020467821D8
:104830002A4602230096FDF765FA4FF42640ADF8AC
:104840000A00204678212A4602230096FDF75AFAEC
:104850004FF42840ADF80A00204678212A4602236A
:104860000096FDF74FFA4FF47C50ADF80A00204651
:1048700078212A4602230096FDF744FA4FF4484077
:10488000ADF80A00204678212A4602230096FDF75B
:1048900039FA4FF45340ADF80A00204678212A46F1
:1048A00002230096FDF72EFA204678212A4602239D
:1048B000ADF80A700096FDF725FA4FF45540ADF8B3
:1048C0000A00204678212A4602230096FDF71AFAAC
:1048D0004FF40040ADF80A00204678212A46022312
:1048E0000096FDF70FFA4FF45840ADF80A00204645
:1048F00078212A4602230096FDF704FA4FF4A060BF
:10490000ADF80A00204678212A4602230096FDF7DA
:10491000F9F94FF45940ADF80A00204678212A46AB
:1049200002230096FDF7EEF94FF47140ADF80A004E
:10493000204678212A4602230096FDF7E3F94FF43A
:104940005A40ADF80A00204678212A4602230096F4
:10495000FDF7D8F94FF49050ADF80A0020467821C1
:104960002A4602230096FDF7CDF94FF45B40ADF8DF
:104970000A00204678212A4602230096FDF7C2F954
:104980004FF44050ADF80A00204678212A46022311
:104990000096FDF7B7F94FF40D40ADF80A00204638
:1049A00078212A4602230096FDF7ACF94FF4A05077
:1049B000ADF80A00204678212A4602230096FDF72A
:1049C000A1F94FF42F40ADF80A00204678212A467D
:1049D00002230096FDF796F903B0F0BD7047000082
:1049E0002DE9F04782B00A9C984615460E4681464E
:1049F000FDF7B0F8201A00EB0804FDF7ABF840F221
:104A00000001C2F200010968C1F3CB316143019199
:104A1000D9F800108A683240921BB2FA82F2520929
:104A2000AA4203D1002002B0BDE8F087824608F117
:104A3000010707E088683040801BB0FA80F0400929
:104A4000A842EFD0002FF5D0FDF784F8A0EB0A00C4
:104A5000A0420AD2019801990028A1F10101019117
:104A6000D9F8001008BF0446E4E7D9E9000142681C
:104A7000B1F5827F22F0E00242600BD1D9F8081034
:104A8000B1F5004F02D0B1F5806F03D1016821F07C
:104A900040010160D9F82810B1F5005F07D1016825
:104AA00021F400510160016841F4005101600120CE
:104AB00089F85100002089F85000032002B0BDE8B9
:104AC000F087000070470000FDF73CBBB0B594B024
:104AD000002401204FF48031CDE90F44CDE90D448D
:104AE0000A90CDE90B140E9002254FF4E010CDE9A9
:104AF000115113900AA80994CDE90744CDE9054462
:104B0000CDE90344CDE90144FDF75EFD18B1EFF3B3
:104B1000108072B6FEE70F20CDE905054FF48060E6
:104B20000794CDE9080405A80221FDF74BFC20B14C
:104B3000EFF3108072B600BFFEE7022001904FF441
:104B40000040039001A8FDF7B5FB20B1EFF3108002
:104B500072B600BFFEE714B0B0BD000070470000A1
:104B6000406A0021C185C184FEF766BF81B090F81C
:104B70004210222920D18368B3F5805F08D10169F2
:104B8000002964D000F128010A6803685B680AE024
:104B9000014651F8282F13B90369002BF5D003689B
:104BA0005B6803F07F0313700A6801320A60C18DED
:104BB00001390A04C18501D001B070470168CA6893
:104BC00022F02002CA60CA6822F48072CA604A6970
:104BD00022F001024A61202280F842200022426332
:104BE000036B012B3CD1026351E8031F026821F0E3
:104BF000100142E803130168DBB151E8031F0268AA
:104C000021F0100142E80313016893B151E8031F3A
:104C1000026821F0100142E8031301684BB151E82A
:104C2000031F026821F0100142E803130168002B02
:104C3000DAD10A68D20606D5002200920A680092EC
:104C4000496800910099818D01B0FEF7E7BD0168C8
:104C5000826A49686FF35F2122F8021B8262A6E72D
:104C600001B0FFF785BA000040F62430C2F2000020
:104C7000FEF7ECBE40F66C30C2F20000FEF7E6BE76
:104C8000FEE70000B0B519A0FBF778FC40F2682001
:104C9000C2F2000001F09EFF80B140F268251CA422
:104CA000C2F200052046FBF769FC4FF47A70FCF76E
:104CB00017FE284601F08EFF0028F3D11FA0FBF756
:104CC0005DFC40F26820C2F200000021002402F0E6
:104CD00043F949F65C50C0F60000FBF74FFC40F684
:104CE0007C10C2F2000004744461B0BD5B4C6F5292
:104CF000615D20E5889DE5A78BE58C96204C4C43B3
:104D000043363820E6A8A1E59D972E2E2E0D0000F3
:104D10005B4C6F52615D20E5889DE5A78BE58C9625
:104D2000E5A4B1E8B4A5EFBC8C31E7A792E5908E7D
:104D3000E9878DE8AF952E2E2E0D00005B4C6F524B
:104D4000615D20E5889DE5A78BE58C96E68890E57A
:104D50008A9FEFBC810D00002DE9F04F8DB040F629
:104D6000D034C2F2000420680025ADF8285050B1BC
:104D7000FCF7F0FE2168884205D3022000210026BE
:104D800001F0F6FC266040F26820C2F200000DF14E
:104D90002A010AAA09AB009502F032F810B10DB051
:104DA000BDE8F08FBDF82810092906D849F618503B
:104DB000C0F60000FBF740FA58E040F67C179DF97A
:104DC0002400C2F2000778819DF92500BDF92A6010
:104DD000BDF92C50BDF92EA0BDF930B0BDF932801F
:104DE000B88101203E807D80A7F804A0A7F806B016
:104DF000A7F80880F9813874FCF7ACFEBDF82810DC
:104E000078613046089103F09DFC40F20009C4F23D
:104E10002019494603F0D4FB03F0A6FB06462846BA
:104E20000F4603F08FFC494603F0CAFB03F09CFBDE
:104E30009DF924209DF925508DE8030C49F6B640D4
:104E40000899CDE90482C0F6000032463B4606953B
:104E5000FBF7F2F90220012101F08AFCFCF77AFE4F
:104E6000643020600520002101F04CFC40F26820F5
:104E7000C2F20000002102F06FF80DB0BDE8F08F23
:104E8000B0B540F6243040F69411C2F20000C2F2F0
:104E900000012022FEF756FC01F024FC02F028FF5E
:104EA00049F65A44C0F600042046FBF767FB49F672
:104EB0008640C0F60000FBF761FB20A0FBF75EFB1D
:104EC00049F62E45C0F600052846FBF757FB01F0D2
:104ED0007BFC0120002101F04BFC0220002101F0AD
:104EE00047FC0320002101F043FC00F07FFBFFF7AB
:104EF000C9FE00F059F82046FBF740FB1DA0FBF768
:104F00003DFB2846FBF73AFB44F65950C0F600003B
:104F10000A2102F0CFFE45F25120C0F600003221F6
:104F200002F0C8FE45F22960C0F600004FF4FA71A5
:104F300002F0C0FEBDE8B04002F0EABE20E8B08357
:104F4000E5BAA6E599A8E78988EFBC88E697B6E9AF
:104F500097B4E78987E8BDAEE8AFA2202B20E7A988
:104F6000BAE997B2E4BD8EE58A9FE88097EFBC89E5
:104F70000D00000020E68980E69C89E6A8A1E59D59
:104F800097E5889DE5A78BE58C96E5AE8CE6889045
:104F9000EFBC8CE590AFE58AA8E8B083E5BAA6E55A
:104FA00099A82E2E2E0D000070B587A0FBF7E6FA0B
:104FB00001200021002401F0DBFB40F6D435C2F2D1
:104FC00000058BA02C70FBF7D9FA01F0D3F991A062
:104FD000FBF7D4FA01F088F940B14AF2AC00C0F610
:104FE0000000FBF7CBFA0120002115E04FF4FA6036
:104FF00000F04CFC49F6E460C0F60000FBF7BEFA96
:1050000001F0ECF960B14AF25800C0F60000FBF77D
:10501000B5FA01200021002401F0AAFB2C7070BD1C
:105020004FF4FA6000F032FC49F65470C0F600000C
:10503000FBF7A4FA0020002401F00AF820B14AF29C
:105040002E10C0F60000CCE74FF4FA6000F01EFC12
:105050004AF2ED1449F6B850C0F60004C0F600005C
:105060002146FBF7E9F874A1204600F039FC20B195
:105070004AF20310C0F60000C9E74AF21200C0F677
:105080000000FBF77BFA4FF4FA6000F0FFFB49F6F3
:105090002570C0F60000FBF771FA6AA1002042F209
:1050A0001D52002400F0CAFD20B14AF2D900C0F61A
:1050B000000096E749F6FA70C0F60000FBF75EFACA
:1050C0004FF4FA6000F0E2FB49F6C060C0F6000061
:1050D000FBF754FA01F028F820B14AF27F00C0F63D
:1050E000000094E74AF27E10C0F60000FBF746FA93
:1050F0004FF4FA6000F0CAFB49F69B60C0F600006E
:10510000FBF73CFA4AF2CD314AF2CC10C0F600016E
:10511000C0F600000A4602F005FA20B14AF22B0060
:10512000C0F6000073E749F6DF70C0F60000FBF739
:1051300025FA4FF4FA6000F0A9FB49F60770C0F6B3
:105140000000FBF71BFA4AF29C10C0F60000002199
:1051500001220024012602F0ABFB50B149F6F850C1
:105160004AF29C11C0F60000C0F60001FBF764F89B
:1051700039E749F697504AF29C11C0F60000C0F694
:105180000001FBF759F82E70FCF7E4FC40F6BC3147
:10519000C2F200010860FCF7DDFC40F6C831C2F243
:1051A0000001086040F6C430C2F200000460012033
:1051B000012101F0DDFA49F62460C0F60000BDE8E7
:1051C0007040FBF7DBB900BF5B4D5154545D203D8F
:1051D0003D3D3D3D20E5889DE5A78BE58C9620571C
:1051E0006946692B4D515454203D3D3D3D3D0D00D8
:1051F0005B4D5154545D2028312F392920E5889D7D
:10520000E5A78BE58C962045535031322D462E2E46
:105210002E0D00005B4D5154545D2028322F39294A
:1052200020E98080E587BAE9808FE4BCA0E6A8A1E8
:10523000E5BC8F2E2E2E0D003838383838383838E7
:105240000000000062656D66612E636F6D000000F6
:105250002DE9F04782B040F6D43AC2F2000A9AF83B
:105260000000012840F05A8140F25C50C2F2000078
:105270000068002800F0938040F26450C2F2000001
:105280000068002800F08B8040F25855C2F20005FB
:10529000286803285FD340F25834C2F20004207813
:1052A00000F0F000302856D129680020B0EB512FD3
:1052B00006BF2968214404F2FF1108702968A6A0DE
:1052C000FAF7BAFF286870B100200026205CA0F130
:1052D00020015F2928BF2E20FBF74AF901362968F3
:1052E000B0B28142F2D8A6A0FBF748F904344AF2E2
:1052F0009C11C0F6000120460822FBF771F938B175
:105300004AF29C119FA0C0F60001FAF795FF22E037
:10531000A7A12046FBF752F938B1A6A0FBF72EF95A
:105320000320002101F024FA15E0ABA12046FBF791
:1053300045F950B14AF25B10C0F60000FBF71EF9C8
:105340000320012101F014FA05E049F67270C0F65D
:105350000000FBF713F940F25830C2F200009FA1A1
:10536000FBF72CF938B940F25830C2F200009DA189
:10537000FBF724F960B149F6A170C0F60000FBF715
:10538000FDF801200021002401F0F2F98AF8004024
:1053900000F07EFA9AF80000012840F0BF80FCF788
:1053A000D9FB40F6BC34C2F200042168401A4EF624
:1053B000602188420AD3FCF7CDFB206049F6546097
:1053C000C0F60000FBF7DAF802F06AFA9AF800007B
:1053D000012840F0A28040F67C15C2F20005297C2D
:1053E000012940F09A80FCF7B5FB40F6C839C2F2BB
:1053F0000009D9F80010401A47F230518842C0F035
:105400008A80B5F90000B5F9021046F26762C6F26B
:10541000666280FB023781FB0226BA1002EBD7726C
:1054200002EB8203A0EB4303B01000EBD67000EB5D
:10543000800740F26874002BA1EB4707C2F200041A
:105440004AF2F11148BF5B42002F48BF7F420090F3
:10545000C0F6000120460197FAF7FAFE4AF2AC16B0
:10546000C0F6000630462146002202F07FF949F6D8
:10547000DE58C0F60008404621463246FAF7DCFE08
:105480004AF2FB16B5F90420C0F600062046314664
:10549000FAF7DEFE4AF2A517C0F6000738462146A5
:1054A000002202F063F9404621463A46FAF7C4FE6C
:1054B000B5F9062020463146FAF7CAFE4AF2C0176F
:1054C000C0F6000738462146002202F04FF9404658
:1054D00021463A46FAF7B0FEB5F908202046314693
:1054E000FAF7B6FE4AF2B816C0F600063046214674
:1054F000002202F03BF9404621463246FAF79CFE74
:10550000FCF728FB40F6C431C2F200010A68C9F872
:105510000000501C08609AF80000C8B9FCF71AFB9C
:1055200040F24C34C2F200042168401A43F698213C
:1055300088420DD3FCF70EFB206049F67960C0F677
:105540000000FBF71BF802B0BDE8F047FFF72CBDE9
:1055500002B0BDE8F08700BF5B4D5154545D20E6BA
:105560009C8DE58AA1E599A8E4B88BE58F91E58645
:1055700085E5AEB9286C656E3D256C75293A20002D
:105580000D0000005B4D5154545D20E99D9EE68E58
:10559000A7E588B6E4B8BBE9A298EFBC882573EF0D
:1055A000BC89EFBC8CE5BFBDE795A50D0A000000E6
:1055B0006F6666005B4D5154545D20E68C87E4BBFA
:1055C000A43A204F464620E28692204C45443320A0
:1055D000E78684E781AD0D006F6E0000434C4F53AA
:1055E000454400004552524F5200000080B5FFF77D
:1055F000BFF80020FFF76CF807A22020032110233A
:1056000002F0E4FA4FF4FA60FCF76AF90020BDE812
:105610008040FFF75DB800BFE699BAE685A7E5864A
:105620009CE4B89A000000002DE9F04F8BB001F027
:1056300047F8002800F0DE80002503AC204601F08A
:1056400019F89DF80C00052808BF012501F038F86D
:105650000028F3D1280600F0CD8040F67C15C2F278
:105660000005287C00284FF00000CDE90900CDE9B5
:105670000700CDE90500CDE9030000F0BB8040F64E
:10568000B83BC2F2000B9BF80010288840F6CE39D8
:1056900040F6CC3740F6C23640F6BA3A40F6C0384B
:1056A000C2F200090129C2F20007C2F20006C2F2EA
:1056B000000AC2F2000808D1B9F80010884204D1EB
:1056C0006988B8F80020914232D046F26761B5F996
:1056D000024000B2C6F2666180FB0123B4463E463A
:1056E00084FB0117991001EBD37202EB8201A0EB4E
:1056F0004103B81000EBD77000EB8001A4EB410729
:1057000003AC00903DA12046019737466646FAF764
:105710009FFD002000212246102302F057FA28881E
:105720006988A9F800009BF80000A8F8001028B1CB
:10573000A888BAF80010884201D11BE0A88800218F
:1057400003ACCDE90911CDE90711CDE90511CDE98A
:10575000031102B22DA12046FAF77AFD00200221A2
:105760002246102302F032FA9BF80000A988AAF81A
:10577000001020B1E8883188884201D11AE0E88819
:10578000002103ACCDE90911CDE90711CDE90511DF
:10579000CDE9031102B220A12046FAF759FD0020FD
:1057A00004212246102302F011FA9BF80000E98838
:1057B000318020B128893988884201D117E02889B1
:1057C000002103ACCDE90911CDE90711CDE905119F
:1057D000CDE9031102B213A12046FAF739FD0020EA
:1057E00006212246102302F0F1F928893880012091
:1057F0008BF800000BB0BDE8F08F00BF543A256471
:105800002E256420483A25642E256400434F323A01
:105810002025346470706D004C75783A202534640E
:105820004C757800536F696C3A2025336425250048
:1058300010B584B0002440F66C300394C2F200002E
:1058400001680A6803924A680392039A02940A68FC
:1058500002924A680292029A01940A680192496887
:10586000062201910199202180F8421040F2513125
:10587000C2F20001FDF766FF00281EBF40F2503063
:10588000C2F20000047004B010BD0000FCF728B89C
:10589000B0B540F66C34C2F200042046FDF7DCFFE0
:1058A00040F25835EFF3108072B6C2F20005284678
:1058B0004FF40071FAF791FF40F25850C2F2000025
:1058C0000021016040F25C50C2F2000001602046FD
:1058D00029464FF4007262B6BDE8B040FDF732BF12
:1058E0002DE9F04F81B000284FF0FE0400F09A81BE
:1058F0000E46002900F096810746012000F024FEA4
:1059000008B1FC248EE140F66C35C2F20005284651
:10591000FDF7A2FF40F2583AEFF3108072B6C2F2E0
:10592000000A50464FF40071FAF757FF40F25859F9
:1059300040F25C5BC2F200090024C2F2000B284670
:1059400051464FF40072C9F80040CBF8004062B6EF
:10595000FDF7F8FEB5A128460D224FF0FF33FEF704
:1059600017FC2846FDF778FFEFF3108072B650461B
:105970004FF40071FAF731FF284651464FF4007298
:10598000C9F80040CBF8004062B6FDF7DBFE4AF2F2
:105990002128C0F600082846414601224FF0FF3377
:1059A000FEF7F6FB2846FDF757FFEFF3108072B6BF
:1059B00050464FF40071FAF710FF284651464FF455
:1059C0000072C9F80040CBF8004062B6FDF7BAFE9D
:1059D0003846FAF731FE82B2284639464FF0FF3397
:1059E000FEF7D6FB2846FDF737FFEFF3108072B6BF
:1059F00050464FF40071FAF7F0FE284651464FF436
:105A00000072C9F80040CBF8004062B6FDF79AFE7C
:105A10002846414601224FF0FF33FEF7B9FB2846E6
:105A2000FDF71AFFEFF3108072B650464FF4007185
:105A3000FAF7D3FE284651464FF40072C9F80040E9
:105A4000CBF8004062B6FDF77DFE4AF22721C0F692
:105A50000001284601224FF0FF33FEF799FB28464C
:105A6000FDF7FAFEEFF3108072B650464FF4007166
:105A7000FAF7B3FE284651464FF40072C9F80040C9
:105A8000CBF8004062B6FDF75DFE28464146012294
:105A90004FF0FF33FEF77CFB2846FDF7DDFEEFF30A
:105AA000108072B650464FF40071FAF796FE284601
:105AB00051464FF40072C9F80040CBF8004062B67E
:105AC000FDF740FE3046FAF7B7FD82B22846314670
:105AD0004FF0FF33FEF75CFB2846FDF7BDFEEFF30A
:105AE000108072B650464FF40071FAF776FE2846E1
:105AF00051464FF40072C9F80040CBF8004062B63E
:105B0000FDF720FE2846414601224FF0FF33FEF705
:105B10003FFB2846FDF7A0FEEFF3108072B650461B
:105B20004FF40071FAF759FE284651464FF40072BF
:105B3000C9F80040CBF8004062B6FDF703FE49F615
:105B40002161C0F60001284602224FF0FF33FEF724
:105B50001FFB4AF22921C0F600015046FAF72EFD3C
:105B600058B14AF2342040F25831C0F60000C2F277
:105B70000001FAF761FB002454E04EF67846CFF6B8
:105B8000FF7640F258344AF22925C2F20004C0F6EA
:105B9000000537460120FFF779FE20462946FAF72F
:105BA0000DFD013701D00028F4D04AF2342040F234
:105BB0005831C0F60000C2F20001FAF73DFB0FB108
:105BC00000242FE040F258304AF22C21C2F20000AB
:105BD000C0F60001FAF7F2FC08B1002418E040F228
:105BE00058344AF22C25C2F20004C0F6000500BF6A
:105BF0000120FFF74BFE20462946FAF7DFFC01366D
:105C000001D00028F4D00024002E08BF6FF0040457
:105C10004AF2342040F25831C0F60000C2F20001CE
:105C2000FAF70AFB60B201B0BDE8F08F41542B4394
:105C3000574A41505F4355523D0000002DE9F04F57
:105C400085B0064600294FF0FE0018BF002A00F07C
:105C5000BA818B464FF000080FF2D03101A8CDE990
:105C60000388CDE90188FAF7F3FA40F66C35C2F201
:105C700000052846FDF7F0FD40F25834EFF31080A0
:105C800072B6C2F2000420464FF40071FAF7A5FD87
:105C900040F2585940F25C5AC2F20009C2F2000ABE
:105CA000284621464FF40072C9F80080CAF80080E7
:105CB00062B6FDF747FDDEA128460C224FF0FF3308
:105CC000FEF766FA2846FDF7C7FDEFF3108072B6BF
:105CD00020464FF40071FAF780FD284621464FF424
:105CE0000072C9F80080CAF8008062B6FDF72AFD8C
:105CF0004AF22121C0F60001284601224FF0FF336D
:105D0000FEF746FACEA0CFA1012E08BF0146CFA7CD
:105D10002846002E18BF0F46FDF79EFDEFF31080BA
:105D200072B620464FF40071FAF757FD2846214617
:105D30004FF40072C9F80080CAF8008062B6FDF71F
:105D400001FD3846FAF778FC82B2284639464FF012
:105D5000FF33FEF71DFA2846FDF77EFDEFF31080B6
:105D600072B620464FF40071FAF737FD28462146F7
:105D70004FF40072C9F80080CAF8008062B6FDF7DF
:105D8000E1FC4AF22127C0F60007284639460122E5
:105D90004FF0FF33FEF7FCF92846FDF75DFDEFF30A
:105DA000108072B620464FF40071FAF716FD2846AF
:105DB00021464FF40072C9F80080CAF8008062B62C
:105DC000FDF7C0FC4AF22726C0F6000628463146F9
:105DD00001224FF0FF33FEF7DBF92846FDF73CFDCB
:105DE000EFF3108072B620464FF40071FAF7F5FC1D
:105DF000284621464FF40072C9F80080CAF8008096
:105E000062B6FDF79FFC2846394601224FF0FF336A
:105E1000FEF7BEF92846FDF71FFDEFF3108072B6BE
:105E200020464FF40071FAF7D8FC284621464FF47B
:105E30000072C9F80080CAF8008062B6FDF782FCE3
:105E40005846FAF7F9FB82B2284659464FF0FF331D
:105E5000FEF79EF92846FDF7FFFCEFF3108072B6BF
:105E600020464FF40071FAF7B8FC284621464FF45B
:105E70000072C9F80080CAF8008062B6FDF762FCC3
:105E80002846394601224FF0FF33FEF781F92846B4
:105E9000FDF7E2FCEFF3108072B620464FF400717C
:105EA000FAF79BFC284621464FF40072C9F800809F
:105EB000CAF8008062B6FDF745FC2846314601224B
:105EC0004FF0FF33FEF764F92846FDF7C5FCEFF30A
:105ED000108072B620464FF40071FAF77EFC284617
:105EE00021464FF40072C9F80080CAF8008062B6FB
:105EF000FDF728FC01AE3046FAF79EFB82B2284639
:105F000031464FF0FF33FEF743F92846FDF7A4FC76
:105F1000EFF3108072B620464FF40071FAF75DFC83
:105F2000284621464FF40072C9F80080CAF8008064
:105F300062B6FDF707FC49F62161C0F6000128466C
:105F400002224FF0FF33FEF723F94AF22C21C0F66C
:105F500000012046FAF732FB50B14AF2342040F2F9
:105F60005831C0F60000C2F20001FAF765F923E0EB
:105F70004EF67846CFF6FF7640F258344AF22C259A
:105F8000C2F20004C0F60005374600BF0120FFF74B
:105F90007DFC20462946FAF711FB013701D0002885
:105FA000F4D04AF2342040F25831C0F60000C2F278
:105FB0000001FAF741F957B140F26050C2F2000017
:105FC00002210170002040B205B0BDE8F08F40F220
:105FD00058304AF22921C2F20000C0F60001FAF757
:105FE000EDFA0028B9D140F258344AF22925C2F21C
:105FF0000004C0F6000500BF0120FFF747FC204663
:106000002946FAF7DBFA013601D00028F4D04AF22B
:10601000342040F25831C0F60000C2F20001FAF715
:106020000BF9002EC8D1FF20CDE700BF256400008A
:1060300041542B43495053544152543D00000000F9
:1060400055445000554E4B4E4F574E005443500050
:10605000F0B581B040F66C35C2F200050646284620
:10606000FDF7FAFB40F25834EFF3108072B6C2F23B
:10607000000420464FF40071FAF7AFFB40F258508D
:10608000C2F200000027076040F25C50C2F200003C
:106090000760284621464FF4007262B6FDF752FBB6
:1060A0004AF2FE10C0F600001DA1002E08BF0146F6
:1060B000284606224FF0FF33FEF76AF84AF22921FC
:1060C000C0F600012046FAF779FAD8B94EF67846BC
:1060D00040F258344AF22925CFF6FF76C2F2000486
:1060E000C0F600050120FFF7D1FB20462946FAF74C
:1060F00065FA013601D00028F4D00027002E08BF31
:106100004FF0FF374AF2342040F25831C0F6000019
:10611000C2F20001FAF790F878B201B0F0BD00BF0A
:10612000415445310D0A00002DE9F04381B040F2A1
:106130006058C2F2000898F80000022842D140F6E8
:106140006C35C2F200052846FDF786FB40F2583454
:10615000EFF3108072B6C2F2000420464FF40071D3
:10616000FAF73BFB40F2585940F25C56C2F2000984
:106170000020C2F20006C9F800003060284621461F
:106180004FF4007262B6FDF7DDFA4AF20521C0F65F
:10619000000128460E224FF0FF33FDF7F9FF4AF2C7
:1061A0002921C0F600012046FAF708FA60B14AF248
:1061B000342040F25831C0F60000C2F20001FAF774
:1061C0003BF824E0FC2087E04EF6784740F2583454
:1061D0004AF22925CFF6FF77C2F20004C0F6000587
:1061E0000120FFF753FB20462946FAF7E7F901376C
:1061F00001D00028F4D04AF2342040F25831C0F6E1
:106200000000C2F20001FAF717F8002F68D04FF42F
:10621000FA60FFF73BFB40F66C34C2F20004204604
:10622000FDF71AFB40F25835EFF3108072B6C2F258
:10623000000528464FF40071FAF7CFFA0020C9F89C
:1062400000003060204629464FF4007262B6FDF728
:1062500079FA4AF21421C0F6000120460C224FF0D0
:10626000FF33FDF795FF28463E21FAF79DF950B11F
:106270004AF2342040F25831C0F60000C2F2000168
:10628000F9F7DAFF1EE04EF6784540F25834CFF6C3
:10629000FF75C2F2000400BF0120FFF7F7FA2046A5
:1062A0003E21FAF781F9013501D00028F4D04AF2F5
:1062B000342040F25831C0F60000C2F20001F9F774
:1062C000BBFF7DB1032088F8000040F26450C2F2A9
:1062D000000001210160002040B201B0BDE8F08360
:1062E000FF20F9E7FF20F7E770B54FF47A70FFF76A
:1062F000CDFA40F66C34C2F200042046FDF7ACFA49
:1063000040F25835EFF3108072B6C2F2000528460D
:106310004FF40071FAF761FA40F25850C2F20000EF
:106320000026066040F25C50C2F200000660204683
:1063300029464FF4007262B6FDF704FA4AF22321AF
:10634000C0F60001204603224FF0FF33FDF720FF87
:106350004FF47A70FFF79AFA40F26050C2F20000F0
:106360000221017040F26451C2F2000100200E606F
:1063700070BD000070B540F66C34C2F200044FF4FA
:10638000E13060602046FDF711FE40F26050C2F23D
:106390000000002606702046FDF75EFA40F25835F0
:1063A000EFF3108072B6C2F2000528464FF4007178
:1063B000FAF713FA40F25850C2F20000066040F2B9
:1063C0005C50C2F200000660204629464FF400727D
:1063D00062B6BDE87040FDF7B5B9000070B540F693
:1063E0006C35C2F200052846FDF736FA40F2583403
:1063F000EFF3108072B6C2F2000420464FF4007131
:10640000FAF7EBF940F25850C2F2000000210160A7
:1064100040F25C50C2F200000160284621464FF471
:10642000007262B6FDF78EF923A1284608224FF0CC
:10643000FF33FDF7ADFE4AF22921C0F600012046E8
:10644000FAF7BCF850B14AF2342040F25831C0F6A5
:106450000000C2F20001F9F7EFFE21E04DF6F00670
:1064600040F258344AF22925CFF6FF76C2F20004F2
:10647000C0F600050120FFF709FA20462946FAF781
:106480009DF8013601D00028F4D04AF2342040F2C1
:106490005831C0F60000C2F20001F9F7CDFE3EB15E
:1064A00040F26051C2F200010020087040B270BD9D
:1064B000FF2040B270BD00BF41542B5253540D0A0F
:1064C0000000000040F25853C2F2000319684FF078
:1064D000000C0844186040F25C50C2F20000012138
:1064E00001601868BCEB502F0FD1186840F258318A
:1064F0001A68C2F200010144C2F5007082B240F68F
:106500006C30C2F20000FDF71DB940F66C3040F26D
:106510005831C2F20000C2F200014FF40072C3F819
:1065200000C0FDF70FB90000002814BF0029704714
:10653000034640F66C308AB2C2F2000019464FF0B2
:10654000FF33FDF725BE00002DE9F04389B08146F9
:106550000138022850D80DF10408002540A140461A
:106560004A46CDE90755CDE90555CDE90355CDE9B5
:106570000155F9F76DFE40F66C37C2F20007384658
:10658000FDF76AF940F25836EFF3108072B6C2F2A6
:10659000000630464FF40071FAF71FF940F25850E8
:1065A000C2F20000056040F25C50C2F200000560DB
:1065B000384631464FF4007262B6FDF7C3F84046E4
:1065C000FAF73AF882B2384641464FF0FF33FDF70A
:1065D000DFFD4AF22921C0F600013046F9F7EEFF4F
:1065E00060B14AF2342040F25831C0F60000C2F2E5
:1065F0000001F9F721FE23E0FE202BE040F25835A0
:106600004AF229264FF47A77C2F20005C0F6000656
:106610000120FFF73BF9284631467C1EF9F7CEFFF3
:10662000012F02D000282746F2D04AF2342040F24F
:106630005831C0F60000C2F20001F9F7FDFD6CB15F
:10664000B9F1010F05D140F26050C2F20000012102
:106650000170002040B209B0BDE8F083FF20F9E7E7
:1066600041542B43574D4F44455F4355523D25649C
:106670000D0A0000002101704160EFF3108172B635
:1066800040F6B93140F65843C2F20001C2F20003AD
:106690000A781B789A4210D00A7840F6D83CC2F2A9
:1066A000000C0CEBC2035CF832205B68C0E90023ED
:1066B0000878013000F00F00087062B670470000E3
:1066C000EFF3108072B640F6B93040F65841C2F28E
:1066D0000000C2F2000100780978401A18BF0120BA
:1066E00062B67047EFF3108072B640F6B930C2F26E
:1066F00000000021017040F65840C2F20000017015
:1067000062B6704780B540F6584CEFF3108272B60F
:10671000C2F2000C9CF8003040F6B932C2F200021E
:106720000133127803F00F0393420ED09CF800203F
:1067300040F6D83EC2F2000E0EF832009CF800007F
:106740000EEBC00041608CF8003062B680BD0000E6
:1067500080B582B0019040F62430C2F2000001A959
:1067600001224FF0FF33FDF713FD019802B080BD09
:10677000032810D002281BD0012818BF7047002919
:1067800040F6DC21C2F2000109684FF0000008BFAA
:10679000642048637047B1FA81F0420940F6004036
:1067A000C4F2010000F580604FF40051FBF7CCB952
:1067B000B1FA81F0420940F60040C4F201004FF402
:1067C0000041FBF7C1B9000080B5FDF7B5FD40F60B
:1067D000DC20C2F200000021BDE88040FCF750BF81
:1067E00080B582B089228DF806208DF807104FF011
:1067F000000C0DF1060102220023CDF800C000F0CC
:106800009BF902B080BD000080B582B003328908D8
:10681000920898238DF805308DF806108DF8072022
:106820004FF0000C0DF1050103220023CDF800C04C
:1068300000F082F902B080BD80B584B079B19621B4
:106840008DF80C1040F60D01ADF80D10AC218DF84F
:106850000F104FF0010C0DF10D0103AB0FE094216F
:106860008DF80B1040F60D01ADF80D10AC218DF830
:106870000F104FF0010C0DF10D010DF10B03032270
:10688000CDF800C000F058F904B080BDB0B584B0B8
:10689000044600208DF8080040F61D00C0F2D80024
:1068A000CDF8090001250DF1090102AB20460422B3
:1068B000009500F0BBF808B104B0B0BD9DF8080029
:1068C0000DF10D0140F01E008DF8080040F60D009E
:1068D000ADF80D00D8208DF80F0002AB2046032242
:1068E000009500F029F904B0B0BD000080B582B079
:1068F000072101914FF0000C01A903220023CDF8DC
:1069000000C000F019F902B080BD000080B582B06F
:1069100002228DF805200A0A8DF806208DF807104E
:106920004FF0000C0DF1050103220023CDF800C04B
:1069300000F002F902B080BDF0B583B00646122027
:10694000ADF8060000200D46ADF8040002270DF159
:10695000060101AB30460222009700F067F808B14B
:1069600004461CE09DF804009DF80510002441EA4F
:1069700000277FB102228DF809208DF80A008DF8DA
:106980000B100DF10901304603220023009400F0A2
:10699000D3F804461DB1002C04BF2F8000242046EC
:1069A00003B0F0BD10B584B00C461421ADF80E1044
:1069B00000218DF80C10ADF80A104FF0030C0DF10A
:1069C0000E010DF10A030222CDF800C000F02EF8EE
:1069D00008B104B010BD9DF80A109DF80C20494282
:1069E000490821709DF90B100231890861705142EC
:1069F0004908A17004B010BDB0B582B00D46132196
:106A0000ADF806100021ADF8041002240DF10601C6
:106A100001AB0222009400F009F808B102B0B0BD49
:106A2000BDF80410298002B0B0BD00002DE9F0418E
:106A30004FF00306C0B31D46B3B390460F4604465D
:106A4000FBF788F86269218B06461046FBF776F85B
:106A500001280AD1FBF77EF8801B632827D8012084
:106A6000FAF73EFF6069218BF0E760682189002218
:106A7000FBF76AF8002F18BFB8F1000F1AD1069E75
:106A800028463146F9F787FE2068294632466423B6
:106A9000FCF700F862682189064610460122FBF7E0
:106AA00053F8002E18BF03263046BDE8F0810320BE
:106AB000BDE8F0812068394642466423FCF7B4F80B
:106AC0000028DCD0606821890122FBF73DF8032013
:106AD000BDE8F08170B560B30446C068218A002229
:106AE0000025FBF731F80A20FAF7FAFEE068218A60
:106AF0000122FBF729F80A20FAF7F2FEFBF72AF841
:106B00006269218B06461046FBF718F801280ED162
:106B1000FBF720F8801B63280BD80120FAF7E0FE72
:106B20006069218BFBF70AF80128F1D0002528467F
:106B300070BD032070BD00002DE9F041C8B198463A
:106B4000164604460F46FBF705F86269218B054699
:106B5000104600BFFAF7F2FF01280DD1FAF7FAFF4D
:106B6000401B632805D80120FAF7BAFE6069218B23
:106B7000F0E70320BDE8F081606821890022FAF780
:106B8000E3FF002F18BF002E12D1B8F1000F07D07D
:106B9000069A2AB1206841466423FCF745F878B983
:106BA000606821890122FAF7CFFF0020BDE8F0815B
:106BB0002068394632466423FCF736F80028E4D0D2
:106BC000606821890122FAF7BFFF0320BDE8F08148
:106BD00000F014BC70B584B00446FFF77BFF20B111
:106BE000054665A0F9F7CAFCC2E02046002100F086
:106BF000DBFB20B1054666A0F9F7C0FCB8E0322007
:106C0000FAF76EFE2046012100F0CEFB20B10546CA
:106C100067A0F9F7B3FCABE04FF47A70FAF760FEC7
:106C20002046FFF763FE20B1054668A0F9F7A6FCF1
:106C30009EE020467C21FFF7D3FD20B105466BA0E6
:106C4000F9F79CFC94E020464FF4EB714FF4FF728F
:106C5000FFF7DAFD38B105464AF26840C0F6000099
:106C6000F9F78CFC84E040F20350C0F2001003906E
:106C700003A9204600F0F4FA38B105464AF24D4027
:106C8000C0F60000F9F77AFC72E02046382100F0E7
:106C9000CFFA38B105464AF20C40C0F60000F9F7C9
:106CA0006DFC65E02046002100F002FB054600284F
:106CB0005ED12046012100F0E7FA0546002857D1B1
:106CC00044F2A026C1F60B462046314600F004FBF4
:106CD000054600284CD140F20940C0F20100029064
:106CE00002A9204600F0F6F90546002840D12046CA
:106CF0001621042200F06CFB0546C8BB204601218A
:106D0000042200F0BBFB38B105464AF22440C0F62D
:106D10000000F9F733FC2BE02046FFF7B7FD38B150
:106D200005464AF28240C0F60000F9F727FC1FE052
:106D30000025204640F2032140F203220023009563
:106D400000F08CF9054698B920460021002200F099
:106D50006FF9054660B9204640F2FF31FFF7D6FDD6
:106D60004AF2CE30C0F600003146F9F765FA002548
:106D7000284604B070BD00BF4C4C434336382072E7
:106D800065736574206661696C6564210D0000009F
:106D90004C4C434336382073657420535444425955
:106DA0005F5243206661696C6564210D000000003C
:106DB0004C4C4343363820736574207374616E64A1
:106DC0006279206661696C6564210D004C4C434317
:106DD000363820636C656172206572726F72732041
:106DE0006661696C6564210D000000004C4C4343F2
:106DF00036382063616C206661696C6564210D0022
:106E00002DE9F04F83B09A46914601918346FAF7F7
:106E1000A1FE40F6B636C2F20006317859B130789C
:106E200028B302A95846FFF7E7FD28B307462AA072
:106E3000F9F7A4FB43E007460C9840F6B73440F658
:106E4000BC45C2F2000400F10A08C2F2000500BF0E
:106E500020780028E3D1FAF77DFEC01B404515D805
:106E60000120FAF73DFD30780028F1D0D7E735A0B2
:106E7000F9F784FB032722E058465146FFF792FDBD
:106E800030B107461CA0F9F779FB18E003271CE096
:106E90009DF808309DF80910019A5846A9F800306D
:106EA00000F0B0F820B107461AA0F9F767FB06E03A
:106EB0001EA0F9F763FB5846FFF78AFE002740F64D
:106EC000B7350020C2F20005307000213846297025
:106ED00003B0BDE8F08F00BF4765742052582062B0
:106EE0007566666572207374617475732066616976
:106EF0006C6564210D000000476574207061636B50
:106F0000657420737461747573206661696C65645F
:106F1000210D00005265616420627566666572200D
:106F20006661696C6564210D00000000526563654F
:106F30007074696F6E20636F6D706C657465640D3D
:106F400000000000526563656976652074696D65AF
:106F50006F75742E2E2E0D0070B582B0044648F663
:106F6000DC00C0F600000D4681880068ADF8041012
:106F7000009020460121FFF75FFC10B113A0F9F744
:106F8000FDFA2046012100F07FF90646D8B969468E
:106F9000204600F0FFF80646A8B9204600F088F821
:106FA000064680B920461DB1294600F0C7F903E026
:106FB0006FF07F4100F0E0F9064618B10BA0F9F739
:106FC000DDFA00E00026304602B070BD4661696C13
:106FD000656420746F2073657420525820626F6F4F
:106FE00073746564206D6F64652E0D0053657420A5
:106FF0005258206D6F6465206661696C6564210D6F
:107000000000000080B582B09C4613461E228DF819
:10701000061000218DF805208DF807100DF10501EF
:107020000322CDF800C0FFF701FD02B080BD0000D3
:1070300080B582B08F238DF805308DF806108DF85D
:1070400007204FF0000C0DF1050103220023CDF8BD
:1070500000C0FFF771FD02B080BD000080B584B0B4
:107060004FF0080EDDF818C08DF807E04FEA112E3A
:107070008DF80910110A8DF80A10190A8DF80C10F4
:107080004FEA1C218DF80B208DF80D308DF80E1075
:107090008DF80FC04FF0000C0DF1070109220023FD
:1070A0008DF808E0CDF800C0FFF746FD04B080BDC4
:1070B00080B582B0C1218DF807104FF0000C0DF1A2
:1070C000070101220023CDF800C0FFF735FD02B013
:1070D00080BD0000F0B585B00D464978044604290E
:1070E00007D005290CD128780B280AD1012005B03A
:1070F000F0BD287800F0FE020A2A02D101202CE01F
:1071000028788DF808008DF80910A878E9788B2286
:107110008DF80A0001F001008DF807208DF80B00B2
:1071200000270DF107012046052200230097FFF7F5
:1071300003FD90B940F61D00C0F289006E78CDF8CD
:107140000D0001250DF10D0103AB204604228DF841
:107150000C700095FFF76AFC08B105B0F0BD9DF812
:107160000C00062E40F0040108BF00F0FB0140F6C1
:107170000D00ADF8110089208DF80C108DF813006A
:107180000DF1110103AB204603220095FFF7D4FC5B
:1071900005B0F0BD70B586B00D46098804468C2058
:1071A0008DF80A0008BAD5F80210000CADF80B00F3
:1071B000CDF80D1000260DF10A012046072200230C
:1071C0000096FFF7B9FC08B106B070BD40F21D7023
:1071D000C0F236008DF80960CDF8110001260DF1DE
:1071E00011010DF10903204604220096FFF71EFC51
:1071F0000028E9D19DF80900697900F0FB02002917
:1072000008BF40F0040240F20D70ADF815003620C2
:107210008DF809208DF817000DF115010DF1090306
:10722000204603220096FFF787FC06B070BD0000E1
:1072300080B582B08DF8041040F60D01ADF8051050
:10724000E7218DF807104FF0010C0DF1050101AB9E
:107250000322CDF800C0FFF76FFC02B080BD000034
:1072600080B584B0096895228DF80B2003914FF00A
:10727000000C0DF10B0105220023CDF800C0FFF733
:107280005BFC04B080BD000080B582B08A228DF81E
:1072900006208DF807104FF0000C0DF106010222B8
:1072A0000023CDF800C0FFF747FC02B080BD00000E
:1072B00080B582B096228DF806208DF807104FF029
:1072C000000C0DF1060102220023CDF800C0FFF7EB
:1072D00033FC02B080BD000080B584B04DF6836CF5
:1072E000C4F21B3CA1FB0C324CF2F723120BCFF67D
:1072F000FF7302FB031141F6846343EA8131A1FB72
:107300000C13190B01EB823186228DF80B200A0E2B
:107310008DF80C200A0C8DF80D200A0A8DF80E202D
:107320008DF80F104FF0000C0DF10B01052200231A
:10733000CDF800C0FFF700FC04B080BD4FF0000C9A
:10734000BCEB914F1CBF0220704780B582B08222F7
:107350008DF804208A0A8DF805208A0889018DF8A5
:1073600006208DF8071001A904220023CDF800C0E3
:10737000FFF7E2FB02B080BD80B582B082228DF8BB
:1073800004200A0C8DF805200A0A8DF806208DF8D5
:1073900007104FF0000C01A904220023CDF800C013
:1073A000FFF7CAFB02B080BD80B582B080228DF8A5
:1073B00006208DF807104FF0000C0DF10601022297
:1073C0000023CDF800C0FFF7B7FB02B080BD00007E
:1073D00080B582B08E238DF805308DF806108DF8BB
:1073E00007204FF0000C0DF1050103220023CDF81A
:1073F00000C0FFF7A1FB02B080BD0000B0B584B0B3
:10740000044600208DF8080040F60D10ADF8090084
:1074100002208DF80B0001250DF1090102AB204679
:1074200003220095FFF788FB08B104B0B0BD40F619
:107430001D10C0F24400039003A902AB20460422B1
:107440000095FFF7F3FA0028EFD19DF80800012519
:1074500040F002008DF8080040F60D10ADF809006C
:1074600044208DF80B000DF1090102AB20460322E8
:107470000095FFF761FB04B0B0BD0000F0B583B02C
:10748000044600208DF8040040F61D00C0F289007B
:1074900017460E46CDF8050001250DF1050101AB9B
:1074A000204604220095FFF7C1FA08B103B0F0BDF1
:1074B000012E06D19DF80400062F04D100F0FB0038
:1074C00003E09DF8040040F004008DF8040040F64D
:1074D0000D00ADF8090089208DF80B0001270DF192
:1074E000090101AB204603220097FFF725FB03B0FB
:1074F000F0BD0000FAF734FEFDF7E8FAFCF71CFFD8
:10750000FCF700FFFDF700F8FDF7A2F8FDF7BEF865
:10751000FCF7B6FEFCF7B0FFFCF7D0FFFDF7B0FCC0
:10752000FEE700002DE9F04F85B014460D46804679
:10753000F9F782F80646000A049028460295F9F702
:107540007BF88246000A009020460394F9F774F80D
:107550008146000A314601900AEB0600BAF1000F9D
:1075600018BF811C01F10C0209EB020040F67811F2
:10757000B9F1000F18BF821CC2F20001012040F2D5
:10758000685B8C460860C2F2000B10218BF800107B
:107590000421002302F07F05B3EBD21F18BF42F095
:1075A00080050BEB0104B3EBD21F04F8035C2BD076
:1075B000D50905F07F07B3EB923F18BF45F0800770
:1075C00004F8027C22D0970B07F07F05B3EB525FE3
:1075D00018BF47F0800504F8015C1AD0570D07F07A
:1075E0007F05B3EB127F18BF47F08005B3EB127F26
:1075F0004FEA127200F104000BF8015001F104018E
:10760000C8D1081F033905E0023903E00130013910
:1076100000E0023000220BF8012044F6045200EB97
:107620000B01C5F25142C1F8022040F25442049BC2
:10763000C0F20202C1F806203C2200F10D048A7259
:10764000CB720E730BEB040041463246CCF800407F
:107650006746F9F75BF8A019BAF1000F386011D04E
:107660000BEB0001009A841C81F801A002990BF831
:1076700000200BEB040052463C60F9F747F804EB9E
:107680000A003860B9F1000F11D00BEB0001019A2C
:10769000841C81F8019003990BF800200BEB040087
:1076A0004A463C60F9F732F804EB09003860FEF70F
:1076B000EFF8396840F26850C2F20000FEF734FF7C
:1076C00040F2585440F2583540F6B736C2F2000442
:1076D000C2F2000504E000BF002EA6F1010619D099
:1076E0000120FEF7D3F820680228F5D300210122FB
:1076F000002005E0013081B223684A1C9A42EBD297
:10770000695C2029F6D1A95C0229F3D1002005B0DB
:10771000BDE8F08FFEF7BCF8396840F26850C2F25D
:107720000000FEF701FF40F6B73605E0002EA6F197
:1077300001064FF0FF30EAD00120FEF7A7F82068DD
:107740000228F3D300210122002005E0013081B29C
:1077500023684A1C9A42E9D2695C2029F6D1A95CC7
:107760000229F3D1002005B0BDE8F08F2DE9F04FDC
:1077700083B015460C468346F8F75EFF8146000A43
:10778000CDE901042046F8F757FF80460220002D7E
:1077900018BF042040F26856484440F6781AC2F2F6
:1077A00000063021AC4600EB0802C2F2000A0120BC
:1077B000317004210023CAF8000000BF02F07F05E9
:1077C000B3EBD21F18BF42F080057418B3EBD21F81
:1077D00004F8035C2AD0D50905F07F07B3EB923F8C
:1077E00018BF45F0800704F8027C21D0970B07F002
:1077F0007F05B3EB525F18BF47F0800504F8015CCA
:1078000019D0570D07F07F05B3EB127F18BF47F073
:107810008005B3EB127F4FEA127200F10400755439
:1078200001F10401CAD1081F033905E0023903E060
:107830000130013900E00230019B8219C41C7354ED
:1078400082F80290301959464A466546CAF8004007
:10785000F8F75CFF4C44CAF8004085B140F6B430FC
:10786000C2F200004278017832550288331959700B
:10787000511C018002990234CAF8004000E00299CC
:1078800030194246F8F742FF04EB08013046CAF8C7
:107890000010FEF749FEDAF8000003B0BDE8F08FF3
:1078A00049F62C40C0F600000221FEF73DBE000064
:1078B0002DE9F04F81B0934600918246F8F7BCFE67
:1078C00080464FEA102C0420BBF1000F18BF0520A2
:1078D00040F6781900EB0803C2F2000901226FF0AC
:1078E0005D0040F26854C9F80020BBF1000F18BFDA
:1078F0006FF07D00C2F2000404212070002000BF60
:1079000003F07F05B0EBD31F18BF43F08005661866
:10791000B0EBD31F06F8035C2AD0DD0905F07F0722
:10792000B0EB933F18BF45F0800706F8027C21D0EA
:107930009F0B07F07F05B0EB535F18BF47F0800542
:1079400006F8015C19D05F0D07F07F06B0EB137FDE
:1079500018BF47F08006B0EB137F4FEA137302F1B4
:107960000402665401F10401CAD10A1F033905E07B
:10797000023903E00132013900E002320020605494
:1079800010190121551D817080F803C080F8048012
:10799000601951464246C9F80050F8F7B7FE05EBAA
:1079A0000800BBF1000FC9F8000004D0411CC9F861
:1079B000001000992154FDF76BFFD9F8001040F238
:1079C0006850C2F20000FEF7AFFD40F2585540F299
:1079D000583640F6B734C2F20005C2F2000603E0A2
:1079E000002CA4F1010419D00120FDF74FFF2868F5
:1079F0000228F5D300210122002005E0013081B2E8
:107A00002B684A1C9A42EBD2715C9029F6D1B15C8A
:107A10000329F3D1002001B0BDE8F08FFDF738FF56
:107A2000D9F8001040F26850C2F20000FEF77CFD69
:107A300040F6B73406E000BF002CA4F101044FF07B
:107A4000FF30E8D00120FDF721FF28680228F3D39A
:107A500000210122002005E0013081B22B684A1C80
:107A60009A42E9D2715C9029F6D1B15C0329F3D135
:107A7000002001B0BDE8F08F2DE9F04F85B0102B4C
:107A800040F0A08040F630260446A1F15000C2F23A
:107A900000060DF1120790468B464FF0000A8DF854
:107AA00013004FF0FF35304678213A4602238DF817
:107AB00012A00095FAF726F92009103002908DF8EF
:107AC0001300304678213A4602238DF812A0009523
:107AD000FAF718F904F00F04304678213A460223E9
:107AE0008DF812A08DF813400095FAF70BF948F6BF
:107AF0000C10C0F60000CDF80C8000EB481A4FF0D7
:107B000040084FF0FF3900BF0AEB090040787821A8
:107B10008DF8130030463A4602238DF81280009506
:107B2000FAF7F0F809F10109B9F10F0FECD140F6BD
:107B3000302AABF14F00C2F2000A0DF11206002507
:107B40008DF813004FF0FF3B504678213246022358
:107B50008DF81250CDF800B0FAF7D4F802987821D9
:107B60008DF813005046324602238DF81250CDF89E
:107B700000B0FAF7C7F850467821324602238DF854
:107B800012508DF81340CDF800B0FAF7BBF8039807
:107B900048F60C11C0F6000101EB401000F10F0493
:107BA0000F27402514F8010F78218DF81300504657
:107BB000324602238DF81250CDF800B0FAF7A2F841
:107BC000013FEFD105B0BDE8F08F00002DE9F0478F
:107BD00014461278002A6AD098468A4607464FEA29
:107BE0005309002125461BE0FBB25FFA8AF1C2B2BD
:107BF00018464346FFF740FF95F90000B0F1FF3FFC
:107C000020DD012049460F44FAB2811920447E2A22
:107C1000825D88BF0AF1010A002A00EB060546D002
:107C20000E4600BF2846F9F7E3FAB0F1FF3FDBDC70
:107C3000A01940780136A519002808BFBDE8F087D3
:107C4000F0E700BF00F13E01C9B21D2906D86878EF
:107C500000F0C000802827D1022026E020F00F018C
:107C600020310BD1687800F0C00080281CD1A878A2
:107C700000F0C000802817D1032016E020F0070094
:107C8000103011D1687800F0C00080280CD1A8789D
:107C900000F0C000802807D1E87800F0C0008028FC
:107CA00002D1042001E000BF01204146ABE7BDE85E
:107CB000F087000010B538B140F6594CC2F2000C04
:107CC0009CF80030072B02D94FF0FF3010BD40F672
:107CD0005C4E03EB4302C2F2000E0EEB82044EF840
:107CE00022000020C4E90110591C8CF8001010BDBE
:107CF00080B540F65C40C2F200006021F8F76DFDEF
:107D000040F65940C2F200000021017080BD000021
:107D100040F65C4040F65945C2F20000C2F2000550
:107D200000F1080801E000BF30BFF9F713FF297820
:107D30000029F9D004460027464609E056F8080C09
:107D40008047346028780137874206F10C06EBD271
:107D500056F8040C0028F1D03168611A8142F1D341
:107D600056F8080C34608047ECE75FEA400C08BF27
:107D700091F0000F4FEA8C234FEAC12243EA5151A0
:107D80004FEA1C5018BF00F5F0404FEA300018BF12
:107D900041F000415FEA6C5C00F02980BCF1FF3FDC
:107DA00008BF40F080407047130C06BF12044FF02C
:107DB000100C4FF0000C130E04BF12020CF1080C53
:107DC000130F04BF12010CF1040C930F04BF9200B7
:107DD0000CF1020CD30F04BF52000CF1010C114640
:107DE0004FF00002A0F11F00A0EB0C00704711F053
:107DF000004F08BF704731F000413FF4D5AF0B0C86
:107E000006BF09044FF0100C4FF0000C0B0E04BF1E
:107E100009020CF1080C0B0F04BF09010CF1040C52
:107E20008B0F04BF89000CF1020CCB0F04BF49007B
:107E30000CF1010CCCF1200322FA03F341EA030117
:107E400002FA0CF2A0EB0C0000F10100704723F0E5
:107E50007F4720F07F4C80EA030000F00040ACEB4D
:107E6000070303F57C5303F1FF032DE9804909B4AF
:107E70004FEA144324EA03484FEA154B25EA0B4E18
:107E80000FF2042606EB13273E7803FB0667C7F5BF
:107E9000000707FB06F64FEAD64606F102064FEA50
:107EA000543707FB066CCCF1005C4FEA1C472CEA08
:107EB000074C0CFB06F507FB06F404EB15464FEAEE
:107EC000961649085FEA320234BF00204FF00040A6
:107ED0004FEAD13706FB07FC4FEA1C4C0CFB0BF7B3
:107EE000D21B03FB0CF761EB07010CFB0EF7B0EBA9
:107EF000074072EB17420CFB08F734BFA2EB0742B6
:107F0000B2EB074261EB17414FEA0C444FEA91078D
:107F100006FB07FC4FEA1C4C0CFB0BF7B0EBC74011
:107F200072EB573203FB0CF734BFA2EBC742B2EB44
:107F3000C74261EB57310CFB0EF7B0EBC70072EB99
:107F400057720CFB08F734BFA2EBC702B2EBC702B3
:107F500061EB57714FEA816141EA92114FEA826207
:107F600042EA90124FEA806004EBCC04039F4FEA90
:107F7000D13706FB07FC4FEA1C4C0CFB0BF7D21B5E
:107F800003FB0CF761EB07010CFB0EF7B0EB0740AE
:107F900072EB17420CFB08F734BFA2EB0742B2EBBF
:107FA000074261EB17414FEA8C5504EB9C244FEAE2
:107FB000910706FB07FC4FEA1C4C0CFB0BF7B0EBE0
:107FC000C74072EB573203FB0CF734BFA2EBC7423A
:107FD000B2EBC74261EB57310CFB0EF7B0EBC700B9
:107FE00072EB57720CFB08F734BFA2EBC702B2EB7F
:107FF000C70261EB57714FEA816141EA92114FEA82
:10800000826242EA90124FEA806015EB4C2544F1FF
:1080100000044FEAD13706FB07FC4FEA1C4C0CFB6F
:108020000BF7D21B03FB0CF761EB07010CFB0EF700
:10803000B0EB074072EB17420CFB08F734BFA2EB22
:108040000742B2EB074261EB17414FEA813141EA47
:1080500092414FEA823242EA90424FEA80304FEA40
:108060000C7615EB1C1544F1000448EA03434EEA74
:108070000B484FF0000EB2EB080C71EB030724BF66
:10808000624639464EEB0E0E4FF0000B001852417F
:1080900049414BEB0B0BB2EB080C71EB03077BF187
:1080A000000B24BF624639464EEB0E0E4FF0000B1C
:1080B0000018524149414BEB0B0BB2EB080C71EB32
:1080C00003077BF1000B24BF624639464EEB0E0ED0
:1080D00051EA020718BF46F0010616EB0E7655F17D
:1080E000000254F1000103D5BDE88901BDE8008814
:1080F000BDE88901BDE80048B619524141EB0101D4
:10810000A3F10103704780807F7E7D7C7B7A797844
:10811000777676757473727171706F6E6E6D6C6C4C
:108120006B6A6A69686867666665646463636261EE
:108130006160605F5F5E5E5D5D5C5C5B5B5A5A596F
:1081400059585857575656555555545453535252DB
:108150005251515050504F4F4F4E4E4D4D4D4C4C33
:108160004C4B4B4B4A4A4A4949494848484747477C
:1081700047464646454545444444444343434342B9
:108180004242424141419C46002B30D477002BD0E3
:108190004FEA37071CB503B44FF010004FF0100141
:1081A000BAF1000F06D0BCF1000FDCBF40F00800B0
:1081B00040F008014FF000000FBCBDE810400BF18B
:1081C000010BBBF1010F08BF5FEA170722BF12F1D5
:1081D000010211F101014FF0004143F1000300F0F1
:1081E000004043EA00007047F9D35708D0E746EA59
:1081F00006464FEA164613F1400F1FDD13F1200F1C
:10820000DFBF16430A46002120335B42BED0C3F1D4
:10821000200746EA06464FEA164602FA07F746EAFC
:10822000070622FA03F2C3F1200701FA07F742EA30
:10823000070221FA03F14FF00003A7E746EA02061E
:1082400046EA06464FEA164646EA0106BCBF46EA3B
:108250000646360C4FF000034FF000024FF00001CD
:1082600094E72DE9804C70B49A46934691E8380023
:1082700007C831EA400C48BF34EA430C03D5FFF786
:10828000E6FDFFF780FFF0BCBDE8008C2DE9804CD7
:1082900070B49A46934691E8380007C810F0804FB2
:1082A00008BF13F0804F03D100F005F8FFF76BFF14
:1082B000F0BCBDE8008C20F07F4723F07F4C80EAC3
:1082C000030000F0004007EB0C03A3F57C53A3F17F
:1082D000FE0392F0000F00F0B38095F0000F00F065
:1082E00077802DE901494FEA114021EA00484FEA21
:1082F000144624EA064700FB06FC08FB06F607FBCB
:1083000008F818EB06484CEB164C00FB07F718EB87
:1083100007484CEB17404FEA124B22EA0B4E4FEA4C
:10832000154625EA06470BFB06FC0EFB06F607FB87
:108330000EFE1EEB064E4CEB164C0BFB07F71EEB2E
:10834000074E4CEB174B18EB0B0840F1000018EBF5
:108350000E0B58EB000840F100008F1A4FF000019F
:108360004FF000063CBFC943661B14BFB5EB040CBD
:1083700000213CBFC943F61B4FEA174427EA0445D6
:108380004FEA1C472CEA074C04FB076205FB07F782
:108390000CFB05F616EB074642EB174204FB0CFC00
:1083A00016EB0C4642EB1C421BEB060658EB020296
:1083B00041414EEA8E0E46EA9E0601D5BDE801898E
:1083C000B619524141EB0101A3F10103BDE8018956
:1083D0004FEA144524EA05464FEA114721EA074CC3
:1083E00005FB07F406FB07F70CFB06F111EB074151
:1083F00044EB174405FB0CFC11EB0C4144EB1C4413
:108400004FEA124722EA074C05FB07F206FB07F783
:108410000CFB06F616EB074642EB174205FB0CFC7D
:1084200016EB0C4642EB1C456A1854F1000148BF9C
:108430007047B619524141EB0101A3F101037047A6
:1084400095F0000F37D04FEA114221EA02464FEA79
:10845000144724EA074C02FB07F106FB07F70CFB65
:1084600006F414EB074441EB174102FB0CFC14EB40
:108470000C4441EB1C414FEA154725EA074C02FB2F
:1084800007F506FB07F70CFB06F616EB074645EB70
:10849000174502FB0CFC16EB0C4645EB1C4212196F
:1084A00051F1000148BF7047B619524141EB01013B
:1084B000A3F1010370474FEA144524EA05464FEA49
:1084C000114721EA074C05FB07F106FB07F70CFBF8
:1084D00006F212EB074241EB174105FB0CFC12EBD5
:1084E0000C4251EB1C414FF0000648BF70479218F8
:1084F00041EB0101A3F101037047490050EAC1209B
:1085000018BF04204A0D18BF40F0010040F2FF726E
:10851000B2EB515F08BF40F00200012808BF052000
:10852000704730380A2801D2012070470020704778
:1085300010B500290AD00878002807D005487844EB
:10854000F8F786FD002801D0002010BD02487844CD
:1085500010BD0000821F00007A1F00000808A0F56F
:1085600000114FEA3101704743004FEAD30C4FEA44
:108570003C0C43401FBF40070CF1605113F0FE4F0D
:1085800070471CF0006F03D10CF0004100207047D1
:108590000CF0004343EA507040EACC0010B500F004
:1085A000E9F800BF000000924FEA0001FFF7D6BFD4
:1085B0004FF00041A1F500214FF00000704700008E
:1085C0004FF47F0C1CEAD0121EBF1CEAD11392EAB2
:1085D0000C0F93EA0C0F00F0858090EA010F48BF62
:1085E00042F4807240F4000C41F400002CF07F4112
:1085F00020F07F4000B5A2EB030281420FF2081C7D
:10860000ACEB504E9EF800E0C0F100004FEA4E0E79
:1086100000FB0EFC38BF49004FEA2C1C0CFB0EF38C
:108620004FEACE1E0EEB635E4FEA112C0EFB0CFCE4
:108630004FEAC1214FEA1C5300FB031102F5FA0275
:108640004FEA112C0EFB0CFC4FEA01314FEADC4CD7
:1086500000FB0C1142EB2242C14228BF09184CEB2F
:1086600003335DF804EB10EB410143EBC250B2F56C
:108670007C0F38BF704729D512F0F00F1CBF00F1F6
:10868000C04000F000407047008182838485868767
:1086900088898B8C8D8E8F919293959697999A9CC1
:1086A0009D9FA0A2A3A5A7A8AAACAEB0B2B3B5B730
:1086B000B9BCBEC0C2C5C7C9CCCED1D4D7D9DCDF06
:1086C000E2E6E9ECF0F3F7FAFE0000004FEA400CB6
:1086D0000CF1807CBCF17E4F28BF7047B0F1C040E8
:1086E00000F08EB80CEAD11390EA010F48BF42F4B3
:1086F0008072624538BF634507D213F47F0F16D0EE
:1087000080EA010000F00040704710B500F032F838
:10871000097EFC3E00F005B880EA010000F0004050
:10872000704780EA010000F0004000F069B812F4E0
:108730007F0F04BF0248704780EA010000F060B874
:108740000000C07F10F0004148BF4042B0FA80F303
:1087500010FA03F2C3F19D030BD051EAC35101EBB0
:108760001220530638BF704700F1010008BF20F007
:10877000010070470EF1020E2EF0030E5EF8044B5E
:10878000244204D44FEA4102B2F17F4F11D84FEA9C
:108790004003B3F17F4F0CD80ED14FEAD07C0CEBE5
:1087A0004C0C0CF1020CB2F17F4F08BF4CEBD17CAA
:1087B00004E04FF0080C01E04FEAD17C0CEB4C03D5
:1087C00024FA03F404F00704B4F1040C06D20EEB0F
:1087D000840CBDE810404CF0010C6047DFE80CF061
:1087E000070802024FF00040A0F5800010BD0846C7
:1087F000420018BFD2F1807288BF00F0004010BD67
:10880000FF2141EAD050C0057047F8F741B9303137
:1088100032333435363738394142434445464030A7
:108820005800303132333435363738396162636459
:108830006566403078000400000800000000000079
:10884000000200010000100002400000000000A033
:108850000000000005400000000000C8000000000B
:108860000C4000000000409C000000001940000087
:108870000020BCBE0000000034400000BFC91B8EB9
:1088800000000004B5400000504BCFD06607E2CF97
:10889000010000006C4100003E8251AADFEEA734C7
:1088A00001000000D9420000DCB5A0E23A301F9779
:1088B000FFFFFFFFB4450000FD25A0C8E9A3C14F9D
:1088C000FFFFFFFFFF3F00000000008000000000EE
:1088D000FF3F00000000008000000000080000FFD3
:1088E0000100000000000000000001020304060770
:1088F000080900000000010203040102020304054C
:10890000060708090A0B0C0D0E0F101000000000DE
:108910000000000000000000000000000000000057
:10892000000000000000000000000000000000F84F
:108930000000000000000000000000000000003304
:1089400000000000000000000000000000100C0209
:10895000100C0200000000000000000000000000F9
:108960000000000000000000000000000040C0788F
:1089700040C07800000000000000000000043F0438
:10898000043F040000000000000000000070888820
:10899000FC0830000000000000000000001820204B
:1089A000FF211E000000000000000000F008F08021
:1089B00060180000000000000000000000310C03FF
:1089C0001E211E00000000000000000000F00888CA
:1089D0007000000000000000000000001E21232C99
:1089E00019272110000000000000000000120E00F6
:1089F0000000000000000000000000000000000077
:108A0000000000000000000000000000000000E086
:108A10001804020000000000000000000000000731
:108A200018204000000000000000000000020418B0
:108A3000E0000000000000000000000000402018DE
:108A4000070000000000000000000000404080F02F
:108A50008040400000000000000000000202010F02
:108A60000102020000000000000000000000000001
:108A7000E000000000000000000000000001010113
:108A80000F010101000000000000000000000000D4
:108A900000000000000000000000000000907000D6
:108AA00000000000000000000000000000000000C6
:108AB00000000000000000000000000000010101B3
:108AC00001010100000000000000000000000000A3
:108AD0000000000000000000000000000030300036
:108AE0000000000000000000000000000000000086
:108AF000C0380400000000000000000000601807FB
:108B000000000000000000000000000000E010086D
:108B10000810E0000000000000000000000F10201E
:108B200020100F00000000000000000000001010E6
:108B3000F8000000000000000000000000002020FD
:108B40003F20200000000000000000000070080826
:108B50000808F00000000000000000000030282499
:108B60002221300000000000000000000030080852
:108B7000088870000000000000000000001820219C
:108B800021221C00000000000000000000008040C6
:108B900030F800000000000000000000000605247E
:108BA000243F2424000000000000000000F8888812
:108BB00088080800000000000000000000192020C4
:108BC00020110E00000000000000000000E01088EE
:108BD000889000000000000000000000000F11203D
:108BE00020201F00000000000000000000180808FE
:108BF0008868180000000000000000000000003E2F
:108C00000100000000000000000000000070880863
:108C1000088870000000000000000000001C2221F5
:108C200021221C00000000000000000000F00808E5
:108C30000810E00000000000000000000001122207
:108C400022110F000000000000000000000000C022
:108C5000C000000000000000000000000000003024
:108C60003000000000000000000000000000008054
:108C7000000000000000000000000000000000E014
:108C80000000000000000000000000000000804024
:108C90002010080000000000000000000001020495
:108CA00008102000000000000000000000404040CC
:108CB00040404000000000000000000000020202EE
:108CC0000202020000000000000000000008102066
:108CD000408000000000000000000000002010089C
:108CE00004020100000000000000000000704808BD
:108CF0000888700000000000000000000000003044
:108D0000370000000000000000000000C030C8284C
:108D1000E810E0000000000000000000071827280D
:108D20002F28170000000000000000000000C038DD
:108D3000E00000000000000000000000203C2302D2
:108D400002273820000000000000000008F8888892
:108D5000887000000000000000000000203F20207C
:108D600020110E000000000000000000C0300808C4
:108D7000080838000000000000000000071820204C
:108D800020100800000000000000000008F808089B
:108D90000810E0000000000000000000203F20203C
:108DA00020100F00000000000000000008F8888874
:108DB000E80810000000000000000000203F202014
:108DC00023201800000000000000000008F8888838
:108DD000E80810000000000000000000203F200014
:108DE000030000000000000000000000C030080880
:108DF00008380000000000000000000007182020D4
:108E0000221E0200000000000000000008F8080018
:108E10000008F8080000000000000000203F2101C9
:108E200001213F200000000000000000000808F8B9
:108E30000808000000000000000000000020203FA3
:108E400020200000000000000000000000000808D2
:108E5000F80808000000000000000000C0808080CA
:108E60007F000000000000000000000008F888C03B
:108E7000281808000000000000000000203F20012A
:108E800026382000000000000000000008F808005C
:108E9000000000000000000000000000203F202033
:108EA00020203000000000000000000008F8F8005A
:108EB000F8F808000000000000000000203F013E1C
:108EC000013F2000000000000000000008F830C052
:108ED0000008F8080000000000000000203F20000B
:108EE00007183F000000000000000000E010080824
:108EF0000810E00000000000000000000F1020201B
:108F000020100F00000000000000000008F8080812
:108F10000808F0000000000000000000203F2101D0
:108F2000010100000000000000000000E01008083F
:108F30000810E00000000000000000000F102828CA
:108F400030504F00000000000000000008F8888842
:108F5000888870000000000000000000203F200012
:108F6000030C3020000000000000000000708808A2
:108F70000808380000000000000000000038202130
:108F800021221C000000000000000000180808F862
:108F90000808180000000000000000000000203F4A
:108FA00020000000000000000000000008F8080099
:108FB0000008F8080000000000000000001F20204A
:108FC00020201F000000000000000000087888003A
:108FD00000C838080000000000000000000007384A
:108FE0000E010000000000000000000008F800F87A
:108FF00000F80800000000000000000000033E012F
:109000003E03000000000000000000000818688017
:1090100080681808000000000000000020302C03C9
:10902000032C302000000000000000000838C800B9
:10903000C838080000000000000000000000203FC9
:1090400020000000000000000000000010080808D8
:10905000C838080000000000000000002038262169
:10906000202018000000000000000000000000FEAA
:109070000202020000000000000000000000007F6B
:10908000404040000000000000000000000438C024
:1090900000000000000000000000000000000001CF
:1090A0000638C000000000000000000000020202BC
:1090B000FE000000000000000000000000404040F2
:1090C0007F0000000000000000000000000004021B
:1090D000020400000000000000000000000000008A
:1090E0000000000000000000000000000000000080
:1090F0000000000000000000000000008080808070
:109100008080808000000000000000000002020457
:10911000000000000000000000000000000000004F
:10912000000000000000000000000000000080803F
:10913000800000000000000000000000001924244E
:10914000123F2000000000000000000010F000802E
:10915000800000000000000000000000003F11201F
:1091600020110E0000000000000000000000008040
:10917000808000000000000000000000000E1120B0
:10918000202011000000000000000000000080808E
:109190008090F0000000000000000000001F202070
:1091A00020103F2000000000000000000000808030
:1091B000808000000000000000000000001F242448
:1091C000242417000000000000000000008080E060
:1091D0009090200000000000000000000020203FD0
:1091E000202000000000000000000000000080803F
:1091F000808080000000000000000000006B94945C
:1092000094936000000000000000000010F0008057
:10921000808000000000000000000000203F2100CE
:1092200000203F200000000000000000008098980F
:109230000000000000000000000000000020203FAF
:10924000202000000000000000000000000000805E
:1092500098980000000000000000000000C080801E
:10926000807F0000000000000000000010F00000FF
:10927000808080000000000000000000203F2406E5
:10928000293020000000000000000000001010F84D
:109290000000000000000000000000000020203F4F
:1092A000202000000000000000000000808080807E
:1092B000808080000000000000000000203F2000AF
:1092C0003F20003F20000000000000008080008060
:1092D000808000000000000000000000203F21000E
:1092E00000203F20000000000000000000008080FF
:1092F000808000000000000000000000001F20200F
:1093000020201F000000000000000000808000807E
:1093100080000000000000000000000080FF91209D
:1093200020110E000000000000000000000000807E
:10933000800080000000000000000000000E1120EE
:109340002091FF800000000000000000808080006D
:1093500080808000000000000000000020203F21ED
:1093600020000100000000000000000000008080DC
:1093700080808000000000000000000000332424F2
:10938000242419000000000000000000008080E09C
:109390008080000000000000000000000000001FAE
:1093A000202010000000000000000000808000006D
:1093B000008080000000000000000000001F20204E
:1093C00020103F200000000000000000808080008E
:1093D00080808000000000000000000000030C30CE
:1093E0000C030000000000000000000080800080EE
:1093F000800080800000000000000000010E300CA2
:109400000738060100000000000000000080808096
:109410000080800000000000000000000020310EED
:109420002E3120000000000000000000808080003D
:10943000008080800000000000000000008186782D
:10944000180601000000000000000000008080807D
:109450008080800000000000000000000021302C0F
:109460002221300000000000000000000000000089
:1094700000FC0202000000000000000000000000EC
:10948000013E40400000000000000000000000001D
:10949000FF000000000000000000000000000000CD
:1094A000FF00000000000000000000000202FC00BD
:1094B00000000000000000000000000040403E01ED
:1094C0000000000000000000000000000002010297
:1094D0000204020000000000000000000000000084
:1094E000000000000000000000000000000000007C
:1094F00000000000000000000000000000005838DC
:10950000000000000000000000000000000000005B
:10951000000000000000000000000000000018240F
:1095200024180000000000000000000000000000FF
:10953000000000000000000000000000000004081F
:1095400018300000000000000000000000000000D3
:1095500000000000000000000000000000005B3B75
:1095600000000000000000000000000000000000FB
:10957000000000000000000000000000000036367F
:10958000000000000000000000000000000000FEDD
:109590000000000000000000000000000000003398
:1095A000000000000000000000000000000038344F
:1095B0000282C27C380000000000000000000000B1
:1095C000003737000000000000000000000000002D
:1095D000000000000000FE02020200000000000087
:1095E0000000000000000F0000000000000000006C
:1095F00000F00000000000000000000000004040FB
:10960000407F00000000000000000000000000009B
:1096100000000000FE02FA0A0A0E0000000000002E
:10962000000000000F080F00000000000000000014
:1096300000F010F00000000000000000000070507A
:10964000505F407F000000000000000000000000AC
:109650000000000000E0180402000000000000000C
:109660000000000000071820400000000000020475
:1096700018E0000000000000000000000000402092
:1096800018070000000000000000000000000000BB
:1096900080402090482412090402000000000000CD
:1096A00000010204091224481020000000000204F6
:1096B0000912244890204080000000000000201083
:1096C000482412090402010000000000000000000C
:1096D000000000FEFEFE3E0E06020000000000003C
:1096E0000000007F7F7F7C70604000000000020669
:1096F0000E3EFEFEFE000000000000000000406084
:10970000707C7F7F7F0000000000000000000000F0
:1097100000000000000080403E010000000000004A
:1097200000000000000000013E4000000000013E7B
:109730004080000000000000000000000000403EEB
:109740000100000000000000000000000000000018
:1097500000000000000000FE020200000000000007
:10976000000000000000007F4040000000000202F6
:10977000FE0000000000000000000000000040406B
:109780007F0000000000000000000000000000005A
:10979000000000FE0202E21A0602000000000000C3
:1097A0000000007F40404758604000000000020673
:1097B0001AE20202FE00000000000000000040600B
:1097C000584740407F0000000000000000000000FB
:1097D0000000000000000000000000000000000089
:1097E00000000003030000000000000000C0C000F3
:1097F0000000C0C0000000C0C00000000000000069
:1098000000000000000000000000000000808080D8
:109810008080808080808080808000000000000048
:1098200000000000000000000000000000000080B8
:1098300080800000000000000080000000020100A5
:10984000000001010102020201000000000000000E
:10985000000000FE0000000000000000000000000A
:109860000000007F00000000000000000000000079
:10987000000000008040201008040200004020107A
:1098800008040201000000000000000000020408BB
:1098900010204080000000000000000000000000D8
:1098A00000000000010204081020400000004040B9
:1098B000808000FC0080804040000000000000101C
:1098C0000804030103040810000000000000202029
:1098D00020E03E2020E03E20202000000000040484
:1098E0007C0704047C070404040400000000001842
:1098F00064824224180000000000000000001C22C6
:109900004140432428122E420000000000007C82C7
:10991000827C008040201008040200000020100813
:10992000040201003E41413E000000000000C4224C
:1099300012121222F2020204F800000000000304D6
:1099400008080804070808040300000000828408CF
:109950001020468640201008848200004021110813
:10996000040231300102040811214000000000000F
:10997000C02E116181060000000000000000000000
:1099800041868894630000000000000078F8FCFC29
:1099900004FC040000000000000000000000007F44
:1099A000007F00000000000000000000002020FCFC
:1099B000AC20200000000000000000000000007F3C
:1099C000010000000000000000000000003030FC3A
:1099D0006C3030000000000000000000003010FF7C
:1099E000D81030000000000000000000000000005F
:1099F0000080700080700000000000000000000087
:109A000002010002010000000000000000000080D0
:109A1000603C202020A07020000000000000010019
:109A20000002041A01000000000000000000000015
:109A30000080404020A1728E06000000000000005F
:109A40000F102018060100000000000000806010C8
:109A500008080404040408081060800000030C10C7
:109A60002020404040402020100C03001060028C59
:109A70000000FE9292929292FE00000004047E0189
:109A8000407E42427E427E42427E40001060028C16
:109A900000FE929292929292FE00000004047E01D7
:109AA0004448507F40407F50484440000000FC2420
:109AB0002424FC252624FC242424040040308F8008
:109AC000844C55252525554C808080000000404061
:109AD000404040FF40404040400000004040404087
:109AE0004040407F40404040404040001010FF1048
:109AF0000082BAEABA83BAEABA82000008180F04F0
:109B0000484A2AFF8A4A1A2F5A8A8800060909E613
:109B1000F80C040202020202041E0000000000070A
:109B20001F30204040404040201000004040424450
:109B300058C0407F40C05048464040008080402090
:109B400018070000003F40404040780000FE4242BD
:109B500042FE0042A29E82A2C2BE0000806F0808A0
:109B600028CF00002FC8080828CF000008F7145499
:109B70009414F40480708F0808F808001D13115520
:109B800099513F914120130C334080000000F88828
:109B9000888888FF88888888F800000000001F08EF
:109BA0000808087F888888889F80F00000FE0222CD
:109BB000DA0600FE22222222FE00000000FF08102A
:109BC0000847407F424242427F4040000000FE0280
:109BD000965A33FE325A9602FE0000000404051D18
:109BE0001515151515559555350404008080EE881A
:109BF0008888E88F088878484E40C00000007F249D
:109C000024247F008140300F304180000004040490
:109C1000040404FC040404040404000020202020A4
:109C20002020203F2020202020202000C0003D3D7B
:109C30003D3D3D3D3D3D3D3D3D3D3D3D3D3D3D3D54
:109C40003D3D3D3D3D3D3D3D3D3D3D3D3D3D3D3D44
:109C50003D3D3D3D3D3D0D0A0D000D0A3D3D3D3D67
:109C60003D3D3D3D3D3D3D3D3D3D3D3D3D3D3D3D24
:109C70003D3D3D3D3D3D3D3D3D3D3D3D3D3D3D3D14
:109C80003D3D3D3D0D0020E9A1B9E79BAEE695B411
:109C9000E59088EFBC9A4C6F5261E68EA5E694B6CB
:109CA000202B204F4C4544202B204D515454E4B8D8
:109CB0008AE4BCA00D005B4C6F52615D20E694B657
:109CC000E588B0202564E5AD97E88A822020543DE0
:109CD000252E3166E284832020483D252E316625DD
:109CE000252020434F323D256470706D20204C7537
:109CF000783D25642020536F696C3D25642525201F
:109D000020525353493D256464426D2020534E52E6
:109D10003D256464420D0A005B4C6F52615D20E694
:109D200094B6E588B0E695B0E68DAEE58C85E8BFE3
:109D300087E79FADEFBC882564E5AD97E88A82EFA1
:109D4000BC8CE99C80E8A681E289A53130EFBC8912
:109D5000EFBC8CE4B8A2E5BC830D0A005B4C6F52EB
:109D6000615D20E8BF9BE585A5E8BF9EE7BBADE64A
:109D70008EA5E694B6E6A8A1E5BC8FEFBC88343783
:109D8000302E354D487A2C205346392C20425731FD
:109D90003235EFBC890D005B4D5154545D20E4B861
:109DA000BBE9A298E8AEA2E99885E68890E58A9F8B
:109DB00020282573290D0A005B4D5154545D20283D
:109DC000352F392920E8BF9EE68EA52057694669C0
:109DD00020535349443D25732E2E2E0D0A005B4D12
:109DE0005154545D5BE58F91E5B8835D2025732068
:109DF0002D3E2025730D0A005B4D5154545D20E823
:109E0000AEA2E9988520257320E5A4B1E8B4A5EFBA
:109E1000BC8CE6A087E8AEB0E69CAAE8BF9EE68EC2
:109E2000A50D0A005B4D5154545D203D3D3D3D3D27
:109E300020576946692B4D51545420E5889DE5A76C
:109E40008BE58C96E5AE8CE68890203D3D3D3D3D12
:109E50000D0A0D005B4D5154545D20E58F91E98052
:109E600081E5BF83E8B7B3E4BF9DE6B4BB202850CB
:109E7000494E47524551290D005B4D5154545D20C8
:109E8000E5B09DE8AF95E9878DE8BF9E205769460C
:109E9000692B4D5154542E2E2E0D005B4D515454B0
:109EA0005D2028382F3929204D51545420434F4EDE
:109EB0004E45435420E68FA1E6898B2E2E2E0D00B1
:109EC0005B4D5154545D2028372F392920E8BF9B22
:109ED000E585A5E9808FE4BCA0E6A8A1E5BC8F2EAE
:109EE0002E2E0D005B4D5154545D2028332F3929FF
:109EF00020E5A48DE4BD8D2045535020E6A8A1E5C2
:109F00009D972E2E2E0D005B4D5154545D20283907
:109F10002F392920E8AEA2E99885E4B8BBE9A298D8
:109F20002E2E2E0D005B4D5154545D2028362F39B6
:109F30002920E8BF9EE68EA5E5B7B4E6B395E4BA5E
:109F4000912054435020E69C8DE58AA1E599A82EE6
:109F50002E2E0D005B4D5154545D2028342F39298D
:109F600020E585B3E997ADE59B9EE698BE2E2E2EA3
:109F70000D005B4D5154545D20E69CAAE8AF86E588
:109F800088ABE79A84206F6E2F6F666620E68C8719
:109F9000E4BBA4EFBC88E5BFBDE795A5EFBC890D88
:109FA000005B4D5154545D20E6A380E6B58BE588F7
:109FB000B0E8BF9EE68EA5E696ADE5BC8028434C92
:109FC0004F5345442F4552524F5229EFBC8CE6A0C7
:109FD00087E8AEB0E5BE85E9878DE8BF9E0D005BE2
:109FE0004D5154545D204D51545420434F4E4E45D5
:109FF0004354E68890E58A9F0D005B4D5154545DB3
:10A0000020544350E8BF9EE68EA5E68890E58A9FDF
:10A010000D005B4D5154545D2057694669E8BF9E61
:10A02000E68EA5E68890E58A9F0D005B4D5154545D
:10A030005D204D51545420434F4E4E454354E5A4AA
:10A04000B1E8B4A5EFBC8CE6A087E8AEB0E69CAA68
:10A05000E8BF9EE68EA50D005B4D5154545D20E592
:10A06000A48DE4BD8DE5A4B1E8B4A5EFBC8CE6A059
:10A0700087E8AEB0E69CAAE8BF9EE68EA50D005B21
:10A080004D5154545D20E8BF9BE585A5E9808FE4E0
:10A09000BCA0E5A4B1E8B4A5EFBC8CE6A087E8AE0F
:10A0A000B0E69CAAE8BF9EE68EA50D005B4D51541C
:10A0B000545D20E98080E587BAE9808FE4BCA0E5A3
:10A0C000A4B1E8B4A5EFBC8CE6A087E8AEB0E69CEE
:10A0D000AAE8BF9EE68EA50D005B4D5154545D204D
:10A0E000544350E8BF9EE68EA5E5A4B1E8B4A5EFC1
:10A0F000BC8CE6A087E8AEB0E69CAAE8BF9EE68EE0
:10A10000A50D005B4D5154545D2057694669E8BF69
:10A110009EE68EA5E5A4B1E8B4A5EFBC8CE6A087C9
:10A12000E8AEB0E69CAAE8BF9EE68EA50D005B4DAA
:10A130005154545D20E585B3E997ADE59B9EE698C3
:10A14000BEE5A4B1E8B4A5EFBC8CE6A087E8AEB04C
:10A15000E69CAAE8BF9EE68EA50D005B4D515454C7
:10A160005D20E68C87E4BBA43A204F4E20E2869225
:10A17000204C45443320E782B9E4BAAE0D005B4D74
:10A180005154545D20E9808FE4BCA0E6A8A1E5BC51
:10A190008FE5B7B2E5BC80E590AF0D006C696768EC
:10A1A0007430303200636F323030340068756D695E
:10A1B0007475726530303400736F696C3030340000
:10A1C00070686F746F726573303034006636656224
:10A1D00062653637633534326330316564316437F4
:10A1E000393633343964666439613835004C574840
:10A1F000002325642E25642325642E256400415404
:10A2000045300D0A0041542B4349504D4F44453DC4
:10A21000310D0A0041542B43495053454E440D0A19
:10A220000022002B2B2B002C004F4B00434F4E4E97
:10A2300045435400726573706F6E73653A202573E1
:10A2400000200021002300240025002600270028EC
:10A250000029002A002D002E002F0030003100338D
:10A260000036003700380039003A003B003C003D22
:10A27000003E003F004000410042004300440045D2
:10A28000004600470049004A004C004D004E004F78
:10A29000005000510052005300550056005700581E
:10A2A0000059005A005B005C005D005E005F0060CA
:10A2B0000061006200630065006600670068006975
:10A2C000006A006B006C006D006E006F0070007122
:10A2D0000072007400750076007700780079007ACB
:10A2E000007B007C007D007E00E3808100EFBC816C
:10A2F00000E3808200E3808300E2848300EFBC837C
:10A3000000E3808500EFBC8500E3808600EFBC861B
:10A3100000E3808700EFBC8800E5858900EFBC89F9
:10A3200000E3808A00EFBC8A00E3808B00E3808C2E
:10A3300000E5B58C00EFBC8C00E3808D00E3808EDF
:10A3400000E3808F00E6958F00EFBC8F00E38090E4
:10A3500000E3809100E2809400E3809600E3809720
:10A3600000EFBC9A00EFBC9B00EFBD9B00EFBD9CD3
:10A3700000EFBD9D00EFBD9E00E59C9F00EFBC9FE0
:10A3800000E280A000EFBCA000E280A100E5A3A451
:10A3900000E7B2A400E5B7A500E280A600E5BAA6F2
:10A3A00000E785A700C2A700E6B8A900E794B500BA
:10A3B000C2B600C2B700E280BB00E998BB00EFBCA8
:10A3C000BB00EFBCBC00EFBCBD00E6B9BF004C4C0D
:10A3D0004343363820696E6974207375636365730F
:10A3E00073212043686970206D6F64653A2053546F
:10A3F0004442595F584F53432C20524620667265A1
:10A40000713A20256C7520487A0D0A004C4C434364
:10A41000363820736574204F4350206661696C653F
:10A4200064210D004C4C43433638207478206D6F06
:10A4300064756C6174696F6E20776F726B61726F97
:10A44000756E64206661696C6564210D004C4C4337
:10A450004336382073657420504120636667206658
:10A4600061696C6564210D004C4C434336382069AA
:10A470006D6167652063616C206661696C6564214C
:10A480000D004C4C434336382063666720747820B7
:10A49000636C616D70206661696C6564210D0000FC
:10A4A000E0A4000800000020980200002801000835
:10A4B000D0A6000898020020301000008401000897
:10A4C0001C00000043000000F8FFFFFF0C0000002C
:10A4D0000E0000000F0000002E0000000000000031
:10A4E0001113127A1341A21B0843041A21041A45BE
:10A4F000041A47041A49041A4B041A4D041A4F044B
:10A500001A51041A53041A25041A27041A55041A56
:10A5100057041A59041A5B041A5D0413A3A11B08FB
:10A520005F081ACA081AEB041A610C1A63041A6548
:10A53000041A67041A69041A6B041A6D041A6F046A
:10A540001A71041A73041A75041A77041A79041A12
:10A550007B041A7D041A7F041A81041A83041AEFFB
:10A560004C1A85081A87041A2A041A89041A8B04BB
:10A570001A8D041A8F041A91041A93041A95041A56
:10A5800097041A32041A99041A9B041A9D041A9FFC
:10A59000042AA1A019041AA5041AA7041AA9041AC6
:10A5A000AB041AAD041AAF041AB1041AB3041AB5F5
:10A5B000041AFC701AB7081AB9041ABB041ABD04AD
:10A5C0001ABF041AC1041AC3041AC5041AC7041A0C
:10A5D000C9041ACB041ACD041ACF041AD1041A3FA5
:10A5E000041AD3041AD5041AD7041AD9041ADB049E
:10A5F0001ADD041ADF041AE1041AE3041AE5041A46
:10A60000E7041335A31B08F1081AE9041A650C1AAC
:10A6100061041AED0C1A7D081A2D041A39041A3D2A
:10A62000041A41041A15041A1D041A21041A2904D3
:10A630001A4D041A51041A69041A71041ABE041A34
:10A64000C6041A59041A5D041AB3041A99041A5557
:10A65000041A75041A6D041A49041AC2041A25044E
:10A660001AFD681A0D081A05041A85041AB6041A88
:10A67000A5041AB0041A81041A89041AF5241A01CF
:10A68000081A09041A11041AA8041ACA041A9D0403
:10A690001A79041A8D041AF9241A19081AA1041A2D
:10A6A00045041AAC041ABA041A91041A31041A9512
:10A6B0000413840A1A204A4340105D0C014002082A
:10A6C0005A0108112204290C392031000000000031
:04000005080000ED02
:00000001FF
